id	created_at	blend_name	ingredients	category
1353	2026-03-03 10:06:00.75605+00	BONUSOVÁ SADA 0.3	BASIL | LEMONGRASS | FRANKINCENSE (BOSWELLIA SERRATA) | WILD MINT (Mentha arvensis) | PEPPERMINT (Máta peprná)	PRAWTEIN®
1354	2026-03-03 10:06:00.75605+00	PRAWTEIN C60	BIO RAW KAKAOVÉ BOBY se slupkou | BIO RAW KAKAOVÉ BOBY se slupkou | BIO JAGGERY POWDER | BIO JAGGERY POWDER | OMEGA KOMPLEX 1 BIO RAW (mořské řasy se slunečnicový olejem) | OMEGA KOMPLEX 1 BIO RAW (mořské řasy se slunečnicový olejem) | Olive oil organic (olivový olej BIO)	PRAWTEIN®
1355	2026-03-03 10:06:00.75605+00	PRAWTEIN C60 PLUS WITH FRANKINCENSE	BIO RAW KAKAOVÉ BOBY se slupkou | BIO JAGGERY POWDER | OMEGA KOMPLEX 1 BIO RAW (mořské řasy se slunečnicový olejem)	PRAWTEIN®
1356	2026-03-03 10:06:00.75605+00	Bonusová sada 0.2	BASIL | LEMONGRASS | FRANKINCENSE (BOSWELLIA SERRATA) | WILD MINT (Mentha arvensis) | PEPPERMINT (Máta peprná)	PRAWTEIN® – superpotravinové směsi
1357	2026-03-03 10:06:00.75605+00	PRAWTEIN Acai Berry Plus	BIO RAW KAKAOVÉ BOBY se slupkou | OMEGA KOMPLEX 1 BIO RAW (mořské řasy se slunečnicový olejem) | BIO JAGGERY POWDER	PRAWTEIN® – superpotravinové směsi
1358	2026-03-03 10:06:00.75605+00	PRAWTEIN Alg	BIO RAW KAKAOVÉ BOBY se slupkou | OMEGA KOMPLEX 1 BIO RAW (mořské řasy se slunečnicový olejem) | BIO JAGGERY POWDER | BIO KONOPNÁ SEMÍNKA (Organic Hemp Nuts) Rumunsko	PRAWTEIN® – superpotravinové směsi
1359	2026-03-03 10:06:00.75605+00	PRAWTEIN Aloe Vera Plus	BIO RAW KAKAOVÉ BOBY se slupkou | OMEGA KOMPLEX 3 (mořské řasy s olivovým olejem) | BIO JAGGERY POWDER	PRAWTEIN® – superpotravinové směsi
1360	2026-03-03 10:06:00.75605+00	PRAWTEIN Ava	BIO RAW KAKAOVÉ BOBY se slupkou | OMEGA KOMPLEX 1 BIO RAW (mořské řasy se slunečnicový olejem) | BIO JAGGERY POWDER	PRAWTEIN® – superpotravinové směsi
1361	2026-03-03 10:06:00.75605+00	PRAWTEIN B-In	BIO RAW KAKAOVÉ BOBY se slupkou | OMEGA KOMPLEX 1 BIO RAW (mořské řasy se slunečnicový olejem) | BIO JAGGERY POWDER	PRAWTEIN® – superpotravinové směsi
1362	2026-03-03 10:06:00.75605+00	PRAWTEIN Beva	BIO RAW KAKAOVÉ BOBY se slupkou | OMEGA KOMPLEX 1 BIO RAW (mořské řasy se slunečnicový olejem) | BIO JAGGERY POWDER	PRAWTEIN® – superpotravinové směsi
1363	2026-03-03 10:06:00.75605+00	PRAWTEIN Bo	BIO RAW KAKAOVÉ BOBY se slupkou | BIO RAW KAKAOVÉ BOBY se slupkou | OMEGA KOMPLEX 1 BIO RAW (mořské řasy se slunečnicový olejem) | BIO JAGGERY POWDER | OMEGA KOMPLEX 1 BIO RAW (mořské řasy se slunečnicový olejem) | BIO JAGGERY POWDER	PRAWTEIN® – superpotravinové směsi
1364	2026-03-03 10:06:00.75605+00	PRAWTEIN Bodyguard	BIO RAW KAKAOVÉ BOBY se slupkou | OMEGA KOMPLEX 1 BIO RAW (mořské řasy se slunečnicový olejem) | BIO JAGGERY POWDER	PRAWTEIN® – superpotravinové směsi
1365	2026-03-03 10:06:00.75605+00	PRAWTEIN Bya	BIO RAW KAKAOVÉ BOBY se slupkou | OMEGA KOMPLEX 1 BIO RAW (mořské řasy se slunečnicový olejem) | BIO JAGGERY POWDER	PRAWTEIN® – superpotravinové směsi
1366	2026-03-03 10:06:00.75605+00	PRAWTEIN Bydia	BIO RAW KAKAOVÉ BOBY se slupkou | OMEGA KOMPLEX 1 BIO RAW (mořské řasy se slunečnicový olejem) | BIO KAROB prášek RAW	PRAWTEIN® – superpotravinové směsi
1367	2026-03-03 10:06:00.75605+00	PRAWTEIN C Plus	BIO RAW KAKAOVÉ BOBY se slupkou | BIO RAW Camu Camu prášek (ORGANIC RAW Camu Camu powder) | OMEGA KOMPLEX 1 BIO RAW (mořské řasy se slunečnicový olejem) | BIO Datlový prášek (Organic Date powder)	PRAWTEIN® – superpotravinové směsi
1368	2026-03-03 10:06:00.75605+00	PRAWTEIN CBD Superior	BIO RAW KAKAOVÉ BOBY se slupkou | CBD SUPERIOR KOMPLEX (v BIO konopném oleji) | BIO JAGGERY POWDER	PRAWTEIN® – superpotravinové směsi
1369	2026-03-03 10:06:00.75605+00	PRAWTEIN Cholbal	BIO RAW KAKAOVÉ BOBY se slupkou | OMEGA KOMPLEX 1 BIO RAW (mořské řasy se slunečnicový olejem) | BIO JAGGERY POWDER	PRAWTEIN® – superpotravinové směsi
1370	2026-03-03 10:06:00.75605+00	PRAWTEIN Coldet	BIO RAW KAKAOVÉ BOBY se slupkou | OMEGA KOMPLEX 1 BIO RAW (mořské řasy se slunečnicový olejem) | BIO JAGGERY POWDER	PRAWTEIN® – superpotravinové směsi
1371	2026-03-03 10:06:00.75605+00	PRAWTEIN Cordyceps Plus	BIO RAW KAKAOVÉ BOBY se slupkou | BIO RAW KAKAOVÉ BOBY se slupkou | OMEGA KOMPLEX 1 BIO RAW (mořské řasy se slunečnicový olejem) | BIO JAGGERY POWDER | OMEGA KOMPLEX 4 (mořské řasy s kokosovým olejem) | BIO Datlový prášek (Organic Date powder)	PRAWTEIN® – superpotravinové směsi
1372	2026-03-03 10:06:00.75605+00	PRAWTEIN DX	BIO RAW KAKAOVÉ BOBY se slupkou | OMEGA KOMPLEX 1 BIO RAW (mořské řasy se slunečnicový olejem) | BIO JAGGERY POWDER	PRAWTEIN® – superpotravinové směsi
1373	2026-03-03 10:06:00.75605+00	PRAWTEIN Detol	BIO RAW KAKAOVÉ BOBY se slupkou | BIO JAGGERY POWDER | OMEGA KOMPLEX 1 BIO RAW (mořské řasy se slunečnicový olejem)	PRAWTEIN® – superpotravinové směsi
1374	2026-03-03 10:06:00.75605+00	PRAWTEIN Epi	Etiketa PRAWTEIN EPI 100 ML | Lahvička skleněná hnědá lesklá 100 ml široké hrdlo | Uzávěr plastový černý šroubovací na lahvičku 100 ml se širokým hrdlem | BIO RAW KAKAOVÉ BOBY se slupkou | OMEGA KOMPLEX 2 BIO RAW (mořské řasy s konopným olejem) | BIO JAGGERY POWDER | PRAWTEIN EPI hmota	PRAWTEIN® – superpotravinové směsi
1375	2026-03-03 10:06:00.75605+00	PRAWTEIN For Boys	BIO RAW KAKAOVÉ BOBY se slupkou | BIO JAGGERY POWDER | OMEGA KOMPLEX 1 BIO RAW (mořské řasy se slunečnicový olejem)	PRAWTEIN® – superpotravinové směsi
1376	2026-03-03 10:06:00.75605+00	PRAWTEIN For Girls	BIO RAW KAKAOVÉ BOBY se slupkou | BIO JAGGERY POWDER | OMEGA KOMPLEX 1 BIO RAW (mořské řasy se slunečnicový olejem)	PRAWTEIN® – superpotravinové směsi
1377	2026-03-03 10:06:00.75605+00	PRAWTEIN Frankincense Plus	BIO RAW KAKAOVÉ BOBY se slupkou | BIO RAW KAKAOVÉ BOBY se slupkou | OMEGA KOMPLEX 1 BIO RAW (mořské řasy se slunečnicový olejem) | BIO JAGGERY POWDER | BIO JAGGERY POWDER | OMEGA KOMPLEX 1 BIO RAW (mořské řasy se slunečnicový olejem)	PRAWTEIN® – superpotravinové směsi
1378	2026-03-03 10:06:00.75605+00	PRAWTEIN Ginseng Plus	BIO RAW KAKAOVÉ BOBY se slupkou | BIO JAGGERY POWDER | OMEGA KOMPLEX 1 BIO RAW (mořské řasy se slunečnicový olejem)	PRAWTEIN® – superpotravinové směsi
1379	2026-03-03 10:06:00.75605+00	PRAWTEIN Gold	BIO RAW KAKAOVÉ BOBY se slupkou | OMEGA KOMPLEX 1 BIO RAW (mořské řasy se slunečnicový olejem) | BIO JAGGERY POWDER	PRAWTEIN® – superpotravinové směsi
1380	2026-03-03 10:06:00.75605+00	PRAWTEIN Green Miracle	BIO RAW KAKAOVÉ BOBY se slupkou | OMEGA KOMPLEX 2 BIO RAW (mořské řasy s konopným olejem) | BIO JAGGERY POWDER | BIO KONOPNÁ SEMÍNKA (Organic Hemp Nuts) Rumunsko	PRAWTEIN® – superpotravinové směsi
1381	2026-03-03 10:06:00.75605+00	PRAWTEIN Hair	BIO RAW KAKAOVÉ BOBY se slupkou | OMEGA KOMPLEX 1 BIO RAW (mořské řasy se slunečnicový olejem) | BIO JAGGERY POWDER	PRAWTEIN® – superpotravinové směsi
1382	2026-03-03 10:06:00.75605+00	PRAWTEIN Help H	BIO RAW KAKAOVÉ BOBY se slupkou | OMEGA KOMPLEX 1 BIO RAW (mořské řasy se slunečnicový olejem) | BIO JAGGERY POWDER	PRAWTEIN® – superpotravinové směsi
1383	2026-03-03 10:06:00.75605+00	PRAWTEIN Hemp Synergy	BIO RAW KAKAOVÉ BOBY se slupkou | OMEGA KOMPLEX 2 BIO RAW (mořské řasy s konopným olejem) | BIO JAGGERY POWDER	PRAWTEIN® – superpotravinové směsi
1384	2026-03-03 10:06:00.75605+00	PRAWTEIN Hemus	BIO RAW KAKAOVÉ BOBY se slupkou | BIO JAGGERY POWDER | OMEGA KOMPLEX 1 BIO RAW (mořské řasy se slunečnicový olejem)	PRAWTEIN® – superpotravinové směsi
1385	2026-03-03 10:06:00.75605+00	PRAWTEIN Hocy	BIO RAW KAKAOVÉ BOBY se slupkou | OMEGA KOMPLEX 2 BIO RAW (mořské řasy s konopným olejem) | BIO JAGGERY POWDER	PRAWTEIN® – superpotravinové směsi
1386	2026-03-03 10:06:00.75605+00	PRAWTEIN Hyp	BIO RAW KAKAOVÉ BOBY se slupkou | BIO RAW KAKAOVÉ BOBY se slupkou | OMEGA KOMPLEX 1 BIO RAW (mořské řasy se slunečnicový olejem) | BIO JAGGERY POWDER | BIO JAGGERY POWDER | OMEGA KOMPLEX 1 BIO RAW (mořské řasy se slunečnicový olejem)	PRAWTEIN® – superpotravinové směsi
1387	2026-03-03 10:06:00.75605+00	PRAWTEIN Hypot	BIO RAW KAKAOVÉ BOBY se slupkou | BIO JAGGERY POWDER | OMEGA KOMPLEX 1 BIO RAW (mořské řasy se slunečnicový olejem)	PRAWTEIN® – superpotravinové směsi
1388	2026-03-03 10:06:00.75605+00	PRAWTEIN I'm Happy	BIO RAW KAKAOVÉ BOBY se slupkou | OMEGA KOMPLEX 1 BIO RAW (mořské řasy se slunečnicový olejem) | BIO JAGGERY POWDER	PRAWTEIN® – superpotravinové směsi
1389	2026-03-03 10:06:00.75605+00	PRAWTEIN Kids	BIO RAW KAKAOVÉ BOBY se slupkou | BIO JAGGERY POWDER | OMEGA KOMPLEX 1 BIO RAW (mořské řasy se slunečnicový olejem)	PRAWTEIN® – superpotravinové směsi
1390	2026-03-03 10:06:00.75605+00	PRAWTEIN Love	BIO RAW KAKAOVÉ BOBY se slupkou | BIO JAGGERY POWDER | OMEGA KOMPLEX 1 BIO RAW (mořské řasy se slunečnicový olejem)	PRAWTEIN® – superpotravinové směsi
1391	2026-03-03 10:06:00.75605+00	PRAWTEIN Mig	BIO RAW KAKAOVÉ BOBY se slupkou | OMEGA KOMPLEX 1 BIO RAW (mořské řasy se slunečnicový olejem) | BIO JAGGERY POWDER	PRAWTEIN® – superpotravinové směsi
1392	2026-03-03 10:06:00.75605+00	PRAWTEIN Miracle BIO	BIO RAW KAKAOVÉ BOBY se slupkou | OMEGA KOMPLEX 1 BIO RAW (mořské řasy se slunečnicový olejem) | BIO JAGGERY POWDER	PRAWTEIN® – superpotravinové směsi
1393	2026-03-03 10:06:00.75605+00	PRAWTEIN Moon	BIO RAW KAKAOVÉ BOBY se slupkou | BIO RAW KAKAOVÉ BOBY se slupkou | BIO JAGGERY POWDER | BIO SLUNEČNICOVÝ OLEJ NERAFINOVANÝ ČÍNA | OMEGA KOMPLEX 1 BIO RAW (mořské řasy se slunečnicový olejem) | BIO JAGGERY POWDER	PRAWTEIN® – superpotravinové směsi
1394	2026-03-03 10:06:00.75605+00	PRAWTEIN Move It	BIO RAW KAKAOVÉ BOBY se slupkou | OMEGA KOMPLEX 2 BIO RAW (mořské řasy s konopným olejem) | BIO JAGGERY POWDER	PRAWTEIN® – superpotravinové směsi
1395	2026-03-03 10:06:00.75605+00	PRAWTEIN Ok Dig	BIO RAW KAKAOVÉ BOBY se slupkou | BIO JAGGERY POWDER | OMEGA KOMPLEX 1 BIO RAW (mořské řasy se slunečnicový olejem)	PRAWTEIN® – superpotravinové směsi
1396	2026-03-03 10:06:00.75605+00	PRAWTEIN Omega Synergy	BIO RAW KAKAOVÉ BOBY se slupkou | BIO JAGGERY POWDER | OMEGA KOMPLEX 2 BIO RAW (mořské řasy s konopným olejem)	PRAWTEIN® – superpotravinové směsi
1397	2026-03-03 10:06:00.75605+00	PRAWTEIN Po-w-er	BIO RAW KAKAOVÉ BOBY se slupkou | OMEGA KOMPLEX 1 BIO RAW (mořské řasy se slunečnicový olejem) | BIO JAGGERY POWDER	PRAWTEIN® – superpotravinové směsi
1398	2026-03-03 10:06:00.75605+00	PRAWTEIN Pollen Max	BIO RAW KAKAOVÉ BOBY se slupkou | BIO JAGGERY POWDER | OMEGA KOMPLEX 1 BIO RAW (mořské řasy se slunečnicový olejem)	PRAWTEIN® – superpotravinové směsi
1399	2026-03-03 10:06:00.75605+00	PRAWTEIN Pre-B	BIO RAW KAKAOVÉ BOBY se slupkou | OMEGA KOMPLEX 2 BIO RAW (mořské řasy s konopným olejem) | BIO JAGGERY POWDER | BIO LEN SETÝ semínka (Organic Flax seeds)	PRAWTEIN® – superpotravinové směsi
1400	2026-03-03 10:06:00.75605+00	PRAWTEIN Pro No	BIO RAW KAKAOVÉ BOBY se slupkou | OMEGA KOMPLEX 1 BIO RAW (mořské řasy se slunečnicový olejem) | BIO JAGGERY POWDER	PRAWTEIN® – superpotravinové směsi
1401	2026-03-03 10:06:00.75605+00	PRAWTEIN Propolis Max	BIO RAW KAKAOVÉ BOBY se slupkou | OMEGA KOMPLEX 1 BIO RAW (mořské řasy se slunečnicový olejem) | BIO JAGGERY POWDER	PRAWTEIN® – superpotravinové směsi
1402	2026-03-03 10:06:00.75605+00	PRAWTEIN Protect	BIO RAW KAKAOVÉ BOBY se slupkou | BIO RAW KAKAOVÉ BOBY se slupkou | BIO JAGGERY POWDER | OMEGA KOMPLEX 1 BIO RAW (mořské řasy se slunečnicový olejem) | OMEGA KOMPLEX 1 BIO RAW (mořské řasy se slunečnicový olejem) | BIO JAGGERY POWDER	PRAWTEIN® – superpotravinové směsi
1403	2026-03-03 10:06:00.75605+00	PRAWTEIN Protect B	BIO RAW KAKAOVÉ BOBY se slupkou | OMEGA KOMPLEX 1 BIO RAW (mořské řasy se slunečnicový olejem) | BIO JAGGERY POWDER	PRAWTEIN® – superpotravinové směsi
1404	2026-03-03 10:06:00.75605+00	PRAWTEIN Reishi Plus	BIO RAW KAKAOVÉ BOBY se slupkou | OMEGA KOMPLEX 1 BIO RAW (mořské řasy se slunečnicový olejem) | BIO JAGGERY POWDER	PRAWTEIN® – superpotravinové směsi
1405	2026-03-03 10:06:00.75605+00	PRAWTEIN Suby C	BIO RAW KAKAOVÉ BOBY se slupkou | OMEGA KOMPLEX 1 BIO RAW (mořské řasy se slunečnicový olejem) | BIO JAGGERY POWDER	PRAWTEIN® – superpotravinové směsi
1406	2026-03-03 10:06:00.75605+00	PRAWTEIN Sup-er-man	BIO RAW KAKAOVÉ BOBY se slupkou | OMEGA KOMPLEX 1 BIO RAW (mořské řasy se slunečnicový olejem) | BIO JAGGERY POWDER | BIO KONOPNÁ SEMÍNKA (Organic Hemp Nuts) Rumunsko	PRAWTEIN® – superpotravinové směsi
1407	2026-03-03 10:06:00.75605+00	PRAWTEIN Super D3 Plus K2	Vitamín D3 veganský | BIO RAW KAKAOVÉ BOBY se slupkou | OMEGA KOMPLEX 1 BIO RAW (mořské řasy se slunečnicový olejem) | BIO JAGGERY POWDER	PRAWTEIN® – superpotravinové směsi
1408	2026-03-03 10:06:00.75605+00	PRAWTEIN Vision	BIO RAW KAKAOVÉ BOBY se slupkou | BIO JAGGERY POWDER | OMEGA KOMPLEX 1 BIO RAW (mořské řasy se slunečnicový olejem)	PRAWTEIN® – superpotravinové směsi
1409	2026-03-03 10:06:00.75605+00	PRAWTEIN Wloss	BIO RAW KAKAOVÉ BOBY se slupkou | OMEGA KOMPLEX 1 BIO RAW (mořské řasy se slunečnicový olejem) | BIO JAGGERY POWDER	PRAWTEIN® – superpotravinové směsi
1410	2026-03-03 10:06:00.75605+00	PRAWTEIN Wofert	BIO RAW KAKAOVÉ BOBY se slupkou | BIO JAGGERY POWDER | OMEGA KOMPLEX 1 BIO RAW (mořské řasy se slunečnicový olejem)	PRAWTEIN® – superpotravinové směsi
1411	2026-03-03 10:06:00.75605+00	PRAWTEIN Woman M	BIO RAW KAKAOVÉ BOBY se slupkou | BIO JAGGERY POWDER | OMEGA KOMPLEX 1 BIO RAW (mořské řasy se slunečnicový olejem)	PRAWTEIN® – superpotravinové směsi
1412	2026-03-03 10:06:00.75605+00	33	EUCALYPTUS GLOBULUS India - do směsí | BASIL | CLOVE leaf | CEDARWOOD HIMALAYAN | ORANGE | GURJUM BALSAM | LEMONGRASS	Směsi esenciálních olejů
1413	2026-03-03 10:06:00.75605+00	3S	RED ORANGE RAW COLD PRESSED | PATCHOULI JAVA Pogostemon Cablin benth | Benzoin Absolute Styrax benzoin | GURJUM BALSAM | CEDARWOOD HIMALAYAN | PALMAROSA	Směsi esenciálních olejů
1414	2026-03-03 10:06:00.75605+00	A-Par	CLOVE leaf | OREGANO Origanum vulgare | BASIL | EUCALYPTUS GLOBULUS India - do směsí | WILD MINT (Mentha arvensis)	Směsi esenciálních olejů
1415	2026-03-03 10:06:00.75605+00	Afrodite	Lily of the Valley Absolue | CLARY SAGE Salvia sclarea | Geranium EO - Madagascar | PALMAROSA | ROSEWOOD | JAMAROSA	Směsi esenciálních olejů
1416	2026-03-03 10:06:00.75605+00	Ag	CLOVE leaf | LEMON COLD PRESSED | ORANGE | LEMONGRASS | PEPPERMINT (Máta peprná) | GURJUM BALSAM | CEDARWOOD HIMALAYAN	Směsi esenciálních olejů
1417	2026-03-03 10:06:00.75605+00	Alg	BIO RAW KAKAOVÉ BOBY se slupkou | OMEGA KOMPLEX 1 BIO RAW (mořské řasy se slunečnicový olejem) | BIO JAGGERY POWDER | FRANKINCENSE (BOSWELLIA SERRATA) | LEMON COLD PRESSED | LEMONGRASS | EUCALYPTUS GLOBULUS India - do směsí | WILD MINT (Mentha arvensis) | BIO KONOPNÁ SEMÍNKA (Organic Hemp Nuts) Rumunsko	Směsi esenciálních olejů
1418	2026-03-03 10:06:00.75605+00	Amor	Ylang complete EO - Madagascar | ACACIA (Acacia nilotica) | Jasmine Grandiflorum absolute | BERGAMOT SUN	Směsi esenciálních olejů
1419	2026-03-03 10:06:00.75605+00	Ancan	CLOVE leaf | CINNAMON LEAF	Směsi esenciálních olejů
1420	2026-03-03 10:06:00.75605+00	Ane	LEMON COLD PRESSED | CINNAMON LEAF | FRANKINCENSE (BOSWELLIA SERRATA) | CEDARWOOD HIMALAYAN	Směsi esenciálních olejů
1421	2026-03-03 10:06:00.75605+00	Angel	Ylang complete EO - Madagascar | ROSEWOOD | PALMAROSA | VANILLA CO2  Vanilla planifolia | BERGAMOT SUN	Směsi esenciálních olejů
1422	2026-03-03 10:06:00.75605+00	Antis	ORANGE | LEMON COLD PRESSED | CEDARWOOD HIMALAYAN | GURJUM BALSAM	Směsi esenciálních olejů
1423	2026-03-03 10:06:00.75605+00	Ast	EUCALYPTUS GLOBULUS India - do směsí | BASIL | CAMPHOR | TURMERIC root Curcuma longa | FRANKINCENSE (BOSWELLIA SERRATA) | WILD MINT (Mentha arvensis)	Směsi esenciálních olejů
1424	2026-03-03 10:06:00.75605+00	Aura	Ylang complete EO - Madagascar | CLARY SAGE Salvia sclarea | LAVENDER ALBANY | BERGAMOT SUN	Směsi esenciálních olejů
1425	2026-03-03 10:06:00.75605+00	Baby Sleep	KOKOSOVÝ OLEJ FRAKCIONOVANÝ MCT 60/40 | CANANGA | LAVENDER ALBANY | GURJUM BALSAM | MARJORAM	Směsi esenciálních olejů
1426	2026-03-03 10:06:00.75605+00	Balance	ORANGE | TEA TREE melaleuca alternifolia - do směsí | LEMON COLD PRESSED | CANANGA | CEDARWOOD HIMALAYAN | BASIL | EUCALYPTUS GLOBULUS India - do směsí | GURJUM BALSAM | ROSEMARY rosmarinus officinalis | CEDARWOOD HIMALAYAN	Směsi esenciálních olejů
1427	2026-03-03 10:06:00.75605+00	Balze	33 | FRANKINCENSE (BOSWELLIA SERRATA) | LEMON COLD PRESSED | TURMERIC root Curcuma longa	Směsi esenciálních olejů
1428	2026-03-03 10:06:00.75605+00	Best friend	Niaouli Melaleuca quinquenervia | FRANKINCENSE (BOSWELLIA SERRATA) | LAVENDER ALBANY	Směsi esenciálních olejů
1429	2026-03-03 10:06:00.75605+00	Blue diamond	Ylang complete EO - Madagascar | BLUE TANSY | BERGAMOT SUN | CANANGA	Směsi esenciálních olejů
1430	2026-03-03 10:06:00.75605+00	Bo	Doypack ZIP bílý mat 3000ml | Bewit Booster Extra Strong | Vysoušecí sáček 10 g - SILICA GEL (není vhodný do potravin) | Label Bewit Booster Extra Strong 1kg | Tea saponin 80% | WASHING SODA uhličitan sodný | BIO RAW KAKAOVÉ BOBY se slupkou | BASIL | CLOVE leaf | LEMON COLD PRESSED | LEMONGRASS | OMEGA KOMPLEX 1 BIO RAW (mořské řasy se slunečnicový olejem) | BIO JAGGERY POWDER | ROSEMARY rosmarinus officinalis | FRANKINCENSE (BOSWELLIA SERRATA) | WILD MINT (Mentha arvensis) | EUCALYPTUS CAMALDULENSIS | PEPPERMINT (Máta peprná) | EUCALYPTUS GLOBULUS India - do směsí | CASSIA | ZEOLITE CLINOPTILOLITE M50	Směsi esenciálních olejů
1431	2026-03-03 10:06:00.75605+00	Bodyguard	Sójový vosk (Soy wax) | BIO RAW KAKAOVÉ BOBY se slupkou | OMEGA KOMPLEX 1 BIO RAW (mořské řasy se slunečnicový olejem) | BIO JAGGERY POWDER | BASIL | CLOVE leaf | LEMON COLD PRESSED | LEMONGRASS | ROSEMARY rosmarinus officinalis | FRANKINCENSE (BOSWELLIA SERRATA) | WILD MINT (Mentha arvensis) | EUCALYPTUS CAMALDULENSIS | PEPPERMINT (Máta peprná) | EUCALYPTUS GLOBULUS India - do směsí | CASSIA	Směsi esenciálních olejů
1432	2026-03-03 10:06:00.75605+00	Breast plus	LAVENDER ALBANY | LAVENDER RAW CO2 | Ylang complete EO - Madagascar | CANANGA | BERGAMOT RAW	Směsi esenciálních olejů
1433	2026-03-03 10:06:00.75605+00	Breath	EUCALYPTUS GLOBULUS India - do směsí | GURJUM BALSAM | WILD MINT (Mentha arvensis)	Směsi esenciálních olejů
1434	2026-03-03 10:06:00.75605+00	Bref	BASIL | FENNEL seed | LAVENDER ALBANY | DILL seed (Anethum graveolens)	Směsi esenciálních olejů
1435	2026-03-03 10:06:00.75605+00	Bro	Niaouli Melaleuca quinquenervia | LAVENDER ALBANY | THYME (thymus vulgaris)	Směsi esenciálních olejů
1436	2026-03-03 10:06:00.75605+00	Bruises	Niaouli Melaleuca quinquenervia | FRANKINCENSE (BOSWELLIA SERRATA) | LAVENDER ALBANY | ROSEMARY rosmarinus officinalis	Směsi esenciálních olejů
1437	2026-03-03 10:06:00.75605+00	Bulce	LEMON COLD PRESSED | ORANGE | WILD MINT (Mentha arvensis) | PEPPERMINT (Máta peprná)	Směsi esenciálních olejů
1438	2026-03-03 10:06:00.75605+00	Buni	LEMONGRASS | GURJUM BALSAM | EUCALYPTUS GLOBULUS India - do směsí | ROSEMARY rosmarinus officinalis | FRANKINCENSE (BOSWELLIA SERRATA)	Směsi esenciálních olejů
1439	2026-03-03 10:06:00.75605+00	Byd	CLOVE leaf | ORANGE | LEMON COLD PRESSED | LEMONGRASS | ORANGE | BASIL | EUCALYPTUS GLOBULUS India - do směsí | LEMON COLD PRESSED | CINNAMON LEAF | WILD MINT (Mentha arvensis)	Směsi esenciálních olejů
1440	2026-03-03 10:06:00.75605+00	Bydia	BIO RAW KAKAOVÉ BOBY se slupkou | CLOVE leaf | OMEGA KOMPLEX 1 BIO RAW (mořské řasy se slunečnicový olejem) | BIO KAROB prášek RAW | ORANGE | LEMON COLD PRESSED | LEMONGRASS | ORANGE | BASIL | EUCALYPTUS GLOBULUS India - do směsí | LEMON COLD PRESSED | CINNAMON LEAF | WILD MINT (Mentha arvensis)	Směsi esenciálních olejů
1441	2026-03-03 10:06:00.75605+00	Byf	KOKOSOVÝ OLEJ FRAKCIONOVANÝ MCT 60/40 | LEMON COLD PRESSED | BASIL | EUCALYPTUS CAMALDULENSIS | CLOVE leaf | LEMONGRASS | CLOVE leaf | EUCALYPTUS GLOBULUS India - do směsí | PEPPERMINT (Máta peprná) | BASIL | WILD MINT (Mentha arvensis) | LEMON COLD PRESSED | FRANKINCENSE (BOSWELLIA SERRATA)	Směsi esenciálních olejů
1442	2026-03-03 10:06:00.75605+00	Byfev	KOKOSOVÝ OLEJ FRAKCIONOVANÝ MCT 60/40 | LEMON COLD PRESSED | BASIL | EUCALYPTUS CAMALDULENSIS | CLOVE leaf | LEMONGRASS | CLOVE leaf | EUCALYPTUS GLOBULUS India - do směsí | PEPPERMINT (Máta peprná) | BASIL | WILD MINT (Mentha arvensis) | LEMON COLD PRESSED | FRANKINCENSE (BOSWELLIA SERRATA)	Směsi esenciálních olejů
1443	2026-03-03 10:06:00.75605+00	Calming	KOKOSOVÝ OLEJ FRAKCIONOVANÝ MCT 60/40 | Ylang complete EO - Madagascar | BERGAMOT RAW | YELLOW MANDARIN OIL COLD PRESSED | RED ORANGE RAW COLD PRESSED	Směsi esenciálních olejů
1444	2026-03-03 10:06:00.75605+00	Chakra 1	ROSEWOOD | PATCHOULI JAVA Pogostemon Cablin benth | CEDARWOOD HIMALAYAN | CEDARWOOD ATLAS | SPRUCE | FRANKINCENSE (BOSWELLIA SERRATA) | CYPRESS Cupressus sempervirens	Směsi esenciálních olejů
1445	2026-03-03 10:06:00.75605+00	Chakra 2	Ylang complete EO - Madagascar | ORANGE SUN | Geranium EO - Madagascar | CARDAMOM | CLARY SAGE Salvia sclarea | CYPRESS Cupressus sempervirens	Směsi esenciálních olejů
1446	2026-03-03 10:06:00.75605+00	Chakra 3	Ylang complete EO - Madagascar | GRAPEFRUIT SUN | Geranium EO - Madagascar | LEMON SUN	Směsi esenciálních olejů
1447	2026-03-03 10:06:00.75605+00	Chakra 4	ROSEWOOD | BERGAMOT SUN | Ylang complete EO - Madagascar | LAVENDER ALBANY	Směsi esenciálních olejů
1448	2026-03-03 10:06:00.75605+00	Chakra 5	BERGAMOT SUN | CLARY SAGE Salvia sclarea | Geranium EO - Madagascar	Směsi esenciálních olejů
1449	2026-03-03 10:06:00.75605+00	Chakra 6	CLARY SAGE Salvia sclarea | LAUREL leaf	Směsi esenciálních olejů
1450	2026-03-03 10:06:00.75605+00	Chakra 7	LAVENDER ALBANY | ROSEWOOD | GURJUM BALSAM	Směsi esenciálních olejů
1451	2026-03-03 10:06:00.75605+00	Cholbal	BIO RAW KAKAOVÉ BOBY se slupkou | OMEGA KOMPLEX 1 BIO RAW (mořské řasy se slunečnicový olejem) | BIO JAGGERY POWDER | LEMONGRASS | ROSEMARY rosmarinus officinalis | FRANKINCENSE (BOSWELLIA SERRATA) | BASIL | LEMON COLD PRESSED | ORANGE	Směsi esenciálních olejů
1452	2026-03-03 10:06:00.75605+00	Clarity	BASIL | LEMON COLD PRESSED | ORANGE | WILD MINT (Mentha arvensis)	Směsi esenciálních olejů
1453	2026-03-03 10:06:00.75605+00	Clean Home	Clove terpen | ORANGE | CEDARWOOD HIMALAYAN | GURJUM BALSAM | CLOVE leaf	Směsi esenciálních olejů
1454	2026-03-03 10:06:00.75605+00	Coldet	KOKOSOVÝ OLEJ FRAKCIONOVANÝ MCT 60/40 | KOKOSOVÝ OLEJ FRAKCIONOVANÝ MCT 60/40 | BIO RAW KAKAOVÉ BOBY se slupkou | OMEGA KOMPLEX 1 BIO RAW (mořské řasy se slunečnicový olejem) | BIO JAGGERY POWDER | CUMIN OIL | FENNEL seed | ORANGE | ANISE - (anýzový EO) | WHITE GRAPEFRUIT OIL RAW | FRANKINCENSE (BOSWELLIA SERRATA)	Směsi esenciálních olejů
1455	2026-03-03 10:06:00.75605+00	Colwit	CLOVE leaf | LEMON COLD PRESSED | BASIL | EUCALYPTUS GLOBULUS India - do směsí | PEPPERMINT (Máta peprná) | CINNAMON LEAF | TURMERIC root Curcuma longa	Směsi esenciálních olejů
1456	2026-03-03 10:06:00.75605+00	Communication	LEMON COLD PRESSED | PEPPERMINT (Máta peprná) | EUCALYPTUS GLOBULUS India - do směsí	Směsi esenciálních olejů
1457	2026-03-03 10:06:00.75605+00	Compassion	KOKOSOVÝ OLEJ FRAKCIONOVANÝ MCT 60/40 | 3s | CANANGA | RED ORANGE RAW COLD PRESSED	Směsi esenciálních olejů
1458	2026-03-03 10:06:00.75605+00	Confession	RED ORANGE RAW COLD PRESSED | HUMILITY | Ylang complete EO - Madagascar | LAVENDER ALBANY | PATCHOULI JAVA Pogostemon Cablin benth	Směsi esenciálních olejů
1459	2026-03-03 10:06:00.75605+00	Confidence	CEDARWOOD HIMALAYAN | WILD MINT (Mentha arvensis) | PEPPERMINT (Máta peprná) | GURJUM BALSAM | LEMON COLD PRESSED | ORANGE | BASIL	Směsi esenciálních olejů
1460	2026-03-03 10:06:00.75605+00	Coriander Deux	CORIANDER seed | CORIANDER RAW CO2	Směsi esenciálních olejů
1461	2026-03-03 10:06:00.75605+00	Courage	CEDARWOOD HIMALAYAN | GURJUM BALSAM | ORANGE | LEMON COLD PRESSED	Směsi esenciálních olejů
1462	2026-03-03 10:06:00.75605+00	Creativity	KOKOSOVÝ OLEJ FRAKCIONOVANÝ MCT 60/40 | LAUREL leaf | ANISE - (anýzový EO) | PEPPERMINT (Máta peprná) | ORANGE | GURJUM BALSAM	Směsi esenciálních olejů
1463	2026-03-03 10:06:00.75605+00	Dark Circles Help	LEMON SUN | Niaouli Melaleuca quinquenervia	Směsi esenciálních olejů
1464	2026-03-03 10:06:00.75605+00	Deep Sleep	KOKOSOVÝ OLEJ FRAKCIONOVANÝ MCT 60/40 | ORANGE | LEMON COLD PRESSED | BASIL | YELLOW MANDARIN OIL COLD PRESSED | CEDARWOOD HIMALAYAN	Směsi esenciálních olejů
1465	2026-03-03 10:06:00.75605+00	Dent	CLOVE leaf | LEMON COLD PRESSED | PEPPERMINT (Máta peprná) | WILD MINT (Mentha arvensis) | BASIL	Směsi esenciálních olejů
1466	2026-03-03 10:06:00.75605+00	Desi	LEMON COLD PRESSED | Niaouli Melaleuca quinquenervia | CLOVE leaf	Směsi esenciálních olejů
1467	2026-03-03 10:06:00.75605+00	Despacito	Ylang complete EO - Madagascar | RED ORANGE RAW COLD PRESSED | GURJUM BALSAM | Geranium EO - Madagascar | LEMON COLD PRESSED | PATCHOULI JAVA Pogostemon Cablin benth	Směsi esenciálních olejů
1468	2026-03-03 10:06:00.75605+00	Detol	BIO RAW KAKAOVÉ BOBY se slupkou | BIO JAGGERY POWDER | OMEGA KOMPLEX 1 BIO RAW (mořské řasy se slunečnicový olejem) | ROSEMARY rosmarinus officinalis | ORANGE | PEPPERMINT (Máta peprná) | LEMON COLD PRESSED | CLOVE leaf	Směsi esenciálních olejů
1469	2026-03-03 10:06:00.75605+00	Dry C	KOKOSOVÝ OLEJ FRAKCIONOVANÝ MCT 60/40 | PINE SCOTS India - do směsí | LAVENDER ALBANY | Benzoin Absolute Styrax benzoin	Směsi esenciálních olejů
1470	2026-03-03 10:06:00.75605+00	Dupreg	BALANCE | RED ORANGE RAW COLD PRESSED | LEMON COLD PRESSED | PEPPERMINT (Máta peprná) | CANANGA	Směsi esenciálních olejů
1471	2026-03-03 10:06:00.75605+00	Dx	BIO RAW KAKAOVÉ BOBY se slupkou | OMEGA KOMPLEX 1 BIO RAW (mořské řasy se slunečnicový olejem) | BIO JAGGERY POWDER | LEMON COLD PRESSED | LEMONGRASS | CLOVE leaf | FENUGREEK RAW CO2 | WILD MINT (Mentha arvensis)	Směsi esenciálních olejů
1472	2026-03-03 10:06:00.75605+00	E-Smo	CEDARWOOD HIMALAYAN | EUCALYPTUS CAMALDULENSIS | LEMONGRASS | 33	Směsi esenciálních olejů
1473	2026-03-03 10:06:00.75605+00	Earth	LEMON COLD PRESSED | WHITE GRAPEFRUIT OIL RAW | Benzoin Absolute Styrax benzoin	Směsi esenciálních olejů
1474	2026-03-03 10:06:00.75605+00	Elli	Jasmine Grandiflorum absolute | BERGAMOT RAW | Ylang complete EO - Madagascar | ROSEWOOD	Směsi esenciálních olejů
1475	2026-03-03 10:06:00.75605+00	Empathy	ACACIA (Acacia nilotica) | YLANG YLANG Cananga odorata | BERGAMOT SUN	Směsi esenciálních olejů
1476	2026-03-03 10:06:00.75605+00	Epi	Etiketa PRAWTEIN EPI 100 ML | Lahvička skleněná hnědá lesklá 100 ml široké hrdlo | Uzávěr plastový černý šroubovací na lahvičku 100 ml se širokým hrdlem | BIO RAW KAKAOVÉ BOBY se slupkou | FRANKINCENSE (BOSWELLIA SERRATA) | CEDARWOOD HIMALAYAN | OMEGA KOMPLEX 2 BIO RAW (mořské řasy s konopným olejem) | ANISE - (anýzový EO) | BIO JAGGERY POWDER | LEMON COLD PRESSED | ORANGE | PRAWTEIN EPI hmota	Směsi esenciálních olejů
1477	2026-03-03 10:06:00.75605+00	Eros	PALMAROSA | GURJUM BALSAM | Geranium EO - Madagascar | RED ORANGE RAW COLD PRESSED | ROSEWOOD | LEMON COLD PRESSED	Směsi esenciálních olejů
1478	2026-03-03 10:06:00.75605+00	Ether	Geranium EO - Madagascar | LAVENDER ALBANY | Ylang complete EO - Madagascar | ROSEMARY rosmarinus officinalis | BERGAMOT SUN	Směsi esenciálních olejů
1479	2026-03-03 10:06:00.75605+00	Faith	WINNER | RED ORANGE RAW COLD PRESSED | CANANGA | PATCHOULI JAVA Pogostemon Cablin benth | LAVENDER ALBANY | Benzoin Absolute Styrax benzoin	Směsi esenciálních olejů
1480	2026-03-03 10:06:00.75605+00	Fascia	Niaouli Melaleuca quinquenervia | FRANKINCENSE (BOSWELLIA SERRATA) | LEMON SUN | LAVENDER ALBANY | PEPPERMINT (Máta peprná)	Směsi esenciálních olejů
1481	2026-03-03 10:06:00.75605+00	Fire	LEMON COLD PRESSED | PEPPERMINT (Máta peprná) | TEA TREE melaleuca alternifolia - do směsí | PATCHOULI JAVA Pogostemon Cablin benth	Směsi esenciálních olejů
1482	2026-03-03 10:06:00.75605+00	Flow B	Geranium EO - Madagascar | FRANKINCENSE (BOSWELLIA SERRATA) | CLOVE leaf | LEMON COLD PRESSED | BLUE TANSY | CASSIA | ESTRAGON (Artemisia dracunculus)	Směsi esenciálních olejů
1483	2026-03-03 10:06:00.75605+00	Flow	KOKOSOVÝ OLEJ FRAKCIONOVANÝ MCT 60/40 | Geranium EO - Madagascar | FRANKINCENSE (BOSWELLIA SERRATA) | CLOVE leaf | LEMON COLD PRESSED | BLUE TANSY | CASSIA | ESTRAGON (Artemisia dracunculus)	Směsi esenciálních olejů
1484	2026-03-03 10:06:00.75605+00	Focus	KOKOSOVÝ OLEJ FRAKCIONOVANÝ MCT 60/40 | RED ORANGE RAW COLD PRESSED | LEMON COLD PRESSED | CEDARWOOD HIMALAYAN | EUCALYPTUS GLOBULUS India - do směsí | PEPPERMINT (Máta peprná) | BASIL	Směsi esenciálních olejů
1485	2026-03-03 10:06:00.75605+00	Forever	HELICHRYSUM Balkán | Ylang complete EO - Madagascar | Geranium EO - Madagascar | LAVENDER ALBANY	Směsi esenciálních olejů
1486	2026-03-03 10:06:00.75605+00	Forgiveness	CANANGA | Geranium EO - Madagascar | GERMAN CHAMOMILE | GURJUM BALSAM | LAVENDER ALBANY | LEMON COLD PRESSED	Směsi esenciálních olejů
1487	2026-03-03 10:06:00.75605+00	Frankincense Quattuor	FRANKINCENSE (BOSWELLIA SERRATA) | FRANKINCENSE (BOSWELLIA CARTERII) | FRANKINCENSE (BOSWELLIA FREREANA)	Směsi esenciálních olejů
1488	2026-03-03 10:06:00.75605+00	Freedom	LEMON COLD PRESSED | BASIL | ORANGE | GURJUM BALSAM | EUCALYPTUS GLOBULUS India - do směsí | CEDARWOOD HIMALAYAN	Směsi esenciálních olejů
1489	2026-03-03 10:06:00.75605+00	Fresh	LEMON COLD PRESSED | ORANGE | KOKOSOVÝ OLEJ FRAKCIONOVANÝ MCT 60/40 | Magnesium Hydroxide | Tapiokový škrob | Vosk z rýžových otrub | GURJUM BALSAM	Směsi esenciálních olejů
1490	2026-03-03 10:06:00.75605+00	Gasto	LEMON COLD PRESSED | TURMERIC root Curcuma longa | ORANGE | WILD MINT (Mentha arvensis) | PEPPERMINT (Máta peprná)	Směsi esenciálních olejů
1491	2026-03-03 10:06:00.75605+00	Generator	KOKOSOVÝ OLEJ FRAKCIONOVANÝ MCT 60/40 | MYRTLE (Myrtus communis) | PALMAROSA | CALAMUS (Acorus calamus) | Benzoin Absolute Styrax benzoin | Ylang complete EO - Madagascar	Směsi esenciálních olejů
1492	2026-03-03 10:06:00.75605+00	Gentle Smile	RED ORANGE RAW COLD PRESSED | GURJUM BALSAM | PATCHOULI JAVA Pogostemon Cablin benth | Benzoin Absolute Styrax benzoin	Směsi esenciálních olejů
1493	2026-03-03 10:06:00.75605+00	Get Up	CEDARWOOD HIMALAYAN | ORANGE | LEMON COLD PRESSED | GURJUM BALSAM | BASIL	Směsi esenciálních olejů
1494	2026-03-03 10:06:00.75605+00	Goddess	ROSEWOOD | BLUE TANSY | Geranium EO - Madagascar | CLARY SAGE Salvia sclarea | Ylang complete EO - Madagascar | ACACIA (Acacia nilotica)	Směsi esenciálních olejů
1495	2026-03-03 10:06:00.75605+00	Gold A	GURJUM BALSAM | GURJUM BALSAM | PALMAROSA | GURJUM BALSAM | LEMON COLD PRESSED | GURJUM BALSAM | CEDARWOOD HIMALAYAN | LAVENDER ALBANY | Geranium EO - Madagascar | GURJUM BALSAM | MANUKA - β-Triketone 20%+ | CEDARWOOD HIMALAYAN | LEMON COLD PRESSED | BASIL | LEMON COLD PRESSED | ORANGE | CINNAMON LEAF | TEA TREE melaleuca alternifolia - do směsí | BASIL | LAVENDER ALBANY | ROSEWOOD | CEDARWOOD HIMALAYAN | LEMONGRASS | GURJUM BALSAM | CEDARWOOD HIMALAYAN | CANANGA | CEDARWOOD HIMALAYAN | FRANKINCENSE (BOSWELLIA SERRATA)	Směsi esenciálních olejů
1496	2026-03-03 10:06:00.75605+00	Gold A-Sha Man	GURJUM BALSAM | PALMAROSA | GURJUM BALSAM | LEMON COLD PRESSED | GURJUM BALSAM | CEDARWOOD HIMALAYAN | CEDARWOOD HIMALAYAN | BASIL | TEA TREE melaleuca alternifolia - do směsí | BASIL | FRANKINCENSE (BOSWELLIA SERRATA)	Směsi esenciálních olejů
1497	2026-03-03 10:06:00.75605+00	Gold A-Sha Woman	GURJUM BALSAM | PALMAROSA | GURJUM BALSAM | LEMON COLD PRESSED | GURJUM BALSAM | CEDARWOOD HIMALAYAN | LEMON COLD PRESSED | BASIL | BASIL | LAVENDER ALBANY | CANANGA | CEDARWOOD HIMALAYAN | FRANKINCENSE (BOSWELLIA SERRATA)	Směsi esenciálních olejů
1498	2026-03-03 10:06:00.75605+00	Gold AA Serum	PALMAROSA | GURJUM BALSAM | LEMON COLD PRESSED | GURJUM BALSAM | LAVENDER ALBANY | Geranium EO - Madagascar | GURJUM BALSAM | MANUKA - β-Triketone 20%+ | CEDARWOOD HIMALAYAN | BASIL | BASIL | ROSEWOOD | CEDARWOOD HIMALAYAN | FRANKINCENSE (BOSWELLIA SERRATA)	Směsi esenciálních olejů
1499	2026-03-03 10:06:00.75605+00	Gold An-Cell	PALMAROSA | GURJUM BALSAM | LEMON COLD PRESSED | GURJUM BALSAM | CEDARWOOD HIMALAYAN | BASIL | LEMON COLD PRESSED | ORANGE | CINNAMON LEAF | BASIL | LEMONGRASS | GURJUM BALSAM | CEDARWOOD HIMALAYAN | FRANKINCENSE (BOSWELLIA SERRATA)	Směsi esenciálních olejů
1500	2026-03-03 10:06:00.75605+00	Gold Baby	LAVENDER ALBANY | GURJUM BALSAM | GERANIUM | PALMAROSA | GURJUM BALSAM | CEDARWOOD HIMALAYAN | BASIL	Směsi esenciálních olejů
1501	2026-03-03 10:06:00.75605+00	Gold Balance Oily	PALMAROSA | GURJUM BALSAM | TEA TREE melaleuca alternifolia - do směsí | LEMON COLD PRESSED | CEDARWOOD HIMALAYAN | BASIL | CANANGA | CEDARWOOD HIMALAYAN | ROSEMARY rosmarinus officinalis	Směsi esenciálních olejů
1502	2026-03-03 10:06:00.75605+00	Gold Beauty	PALMAROSA | GURJUM BALSAM | LAVENDER ALBANY | CEDARWOOD HIMALAYAN | PALMAROSA | BASIL | ROSEWOOD | Ylang complete EO - Madagascar | CEDARWOOD HIMALAYAN | GURJUM BALSAM	Směsi esenciálních olejů
1503	2026-03-03 10:06:00.75605+00	Gold Body	GURJUM BALSAM | PALMAROSA | GURJUM BALSAM | CEDARWOOD HIMALAYAN | BASIL | LEMONGRASS	Směsi esenciálních olejů
1504	2026-03-03 10:06:00.75605+00	Gold C	GURJUM BALSAM | FRANKINCENSE (BOSWELLIA SERRATA) | GURJUM BALSAM | LEMON COLD PRESSED | CEDARWOOD HIMALAYAN | PALMAROSA | GURJUM BALSAM | LEMON COLD PRESSED | CEDARWOOD HIMALAYAN | BASIL | Geranium EO - Madagascar | FRANKINCENSE (BOSWELLIA SERRATA)	Směsi esenciálních olejů
1505	2026-03-03 10:06:00.75605+00	Gold Col	GURJUM BALSAM | FRANKINCENSE (BOSWELLIA SERRATA) | GURJUM BALSAM | LEMON COLD PRESSED | CEDARWOOD HIMALAYAN | PALMAROSA | GURJUM BALSAM | LEMON COLD PRESSED | CEDARWOOD HIMALAYAN | BASIL | Geranium EO - Madagascar | FRANKINCENSE (BOSWELLIA SERRATA)	Směsi esenciálních olejů
1506	2026-03-03 10:06:00.75605+00	Gold D	GURJUM BALSAM | PALMAROSA | GURJUM BALSAM | TEA TREE melaleuca alternifolia - do směsí | GURJUM BALSAM | CEDARWOOD HIMALAYAN | TEA TREE melaleuca alternifolia - do směsí | BASIL | LEMON COLD PRESSED | CEDARWOOD HIMALAYAN | LAVENDER ALBANY | Geranium EO - Madagascar | FRANKINCENSE (BOSWELLIA SERRATA) | CEDARWOOD HIMALAYAN | LEMON COLD PRESSED	Směsi esenciálních olejů
1507	2026-03-03 10:06:00.75605+00	Gold Deo	GURJUM BALSAM | PALMAROSA | GURJUM BALSAM | TEA TREE melaleuca alternifolia - do směsí | GURJUM BALSAM | CEDARWOOD HIMALAYAN | TEA TREE melaleuca alternifolia - do směsí | BASIL | LEMON COLD PRESSED | CEDARWOOD HIMALAYAN | LAVENDER ALBANY | Geranium EO - Madagascar | FRANKINCENSE (BOSWELLIA SERRATA) | CEDARWOOD HIMALAYAN | LEMON COLD PRESSED	Směsi esenciálních olejů
1508	2026-03-03 10:06:00.75605+00	Gold First	PALMAROSA | GURJUM BALSAM | CEDARWOOD HIMALAYAN | BASIL | TEA TREE melaleuca alternifolia - do směsí | CEDARWOOD HIMALAYAN | GURJUM BALSAM | LEMON COLD PRESSED | ROSEWOOD | BASIL | FRANKINCENSE (BOSWELLIA SERRATA)	Směsi esenciálních olejů
1509	2026-03-03 10:06:00.75605+00	Gold He roll-on	BIO SLUNEČNICOVÝ OLEJ DEODORIZOVANÝ (bez vůně) v 5 L kanystru | PALMAROSA | GURJUM BALSAM | BIO MERUŇKOVÝ OLEJ (ORGANIC APRICOT KERNEL OIL) | CEDARWOOD HIMALAYAN | BASIL	Směsi esenciálních olejů
1510	2026-03-03 10:06:00.75605+00	Gold Lavender	GOLD BODY | PALMAROSA | GURJUM BALSAM | LAVENDER KASHMIR (Lavandula angustifolia) | LAVENDER FRANCE. Mailette | LAVENDER ALBANY | CEDARWOOD HIMALAYAN | BASIL	Směsi esenciálních olejů
1511	2026-03-03 10:06:00.75605+00	Gold Lips roll-on	BIO SLUNEČNICOVÝ OLEJ DEODORIZOVANÝ (bez vůně) v 5 L kanystru | BIO MERUŇKOVÝ OLEJ (ORGANIC APRICOT KERNEL OIL) | PALMAROSA | GURJUM BALSAM | Organic Almond oil (BIO MANDLOVÝ OLEJ) cold pressed kosmetický | CEDARWOOD HIMALAYAN | BASIL	Směsi esenciálních olejů
1512	2026-03-03 10:06:00.75605+00	Gold Man	GOLD A-SHA MAN | GURJUM BALSAM | PALMAROSA | GURJUM BALSAM | CEDARWOOD HIMALAYAN | CEDARWOOD HIMALAYAN | BASIL | TEA TREE melaleuca alternifolia - do směsí | CEDARWOOD HIMALAYAN	Směsi esenciálních olejů
1513	2026-03-03 10:06:00.75605+00	Gold Moisturising	PALMAROSA | PALMAROSA | GURJUM BALSAM | CEDARWOOD HIMALAYAN | GURJUM BALSAM | CEDARWOOD HIMALAYAN | BASIL | FRANKINCENSE (BOSWELLIA SERRATA)	Směsi esenciálních olejů
1514	2026-03-03 10:06:00.75605+00	Gold Nowa	OREGANO Origanum vulgare | PALMAROSA | GURJUM BALSAM | LEMON COLD PRESSED | TEA TREE melaleuca alternifolia - do směsí | CEDARWOOD HIMALAYAN | BASIL | CLOVE leaf | LEMONGRASS	Směsi esenciálních olejů
1515	2026-03-03 10:06:00.75605+00	Gold Provance	LAVENDER ALBANY | GOLD BODY | PALMAROSA | GURJUM BALSAM | CEDARWOOD HIMALAYAN | BASIL | CANANGA	Směsi esenciálních olejů
1516	2026-03-03 10:06:00.75605+00	Gold Ps	GURJUM BALSAM | PALMAROSA | GURJUM BALSAM | CEDARWOOD HIMALAYAN | BASIL | LAVENDER ALBANY | TEA TREE melaleuca alternifolia - do směsí | Geranium EO - Madagascar | FRANKINCENSE (BOSWELLIA SERRATA) | CEDARWOOD HIMALAYAN	Směsi esenciálních olejů
1517	2026-03-03 10:06:00.75605+00	Gold Red	DRAGON´S BLOOD PRYSKYŘICE (DRAČÍ KREV) | GOLD BEAUTY | PALMAROSA | GURJUM BALSAM | CEDARWOOD HIMALAYAN | BASIL	Směsi esenciálních olejů
1518	2026-03-03 10:06:00.75605+00	Gold Sca	KOKOSOVÝ OLEJ FRAKCIONOVANÝ MCT 60/40 | PALMAROSA | GURJUM BALSAM | CARROT seed (Daucus carota) | LAVENDER ALBANY | Geranium EO - Madagascar | CEDARWOOD HIMALAYAN | CEDARWOOD HIMALAYAN | BASIL | Niaouli Melaleuca quinquenervia | LEMON SUN	Směsi esenciálních olejů
1519	2026-03-03 10:06:00.75605+00	Gold Sensitive	GERANIUM | LAVENDER ALBANY | GURJUM BALSAM | PALMAROSA | GURJUM BALSAM | CEDARWOOD HIMALAYAN | BASIL | MANUKA - β-Triketone 20%+	Směsi esenciálních olejů
1520	2026-03-03 10:06:00.75605+00	Gold Shi	PALMAROSA | GURJUM BALSAM | FRANKINCENSE (BOSWELLIA SERRATA) | CEDARWOOD HIMALAYAN | CEDARWOOD HIMALAYAN | LEMON COLD PRESSED | BASIL | ROSEWOOD | BASIL | GURJUM BALSAM	Směsi esenciálních olejů
1521	2026-03-03 10:06:00.75605+00	Gold Sun B	LAVENDER ALBANY | TEA TREE melaleuca alternifolia - do směsí | GURJUM BALSAM | PALMAROSA | GURJUM BALSAM | FRANKINCENSE (BOSWELLIA SERRATA) | CEDARWOOD HIMALAYAN | BASIL	Směsi esenciálních olejů
1522	2026-03-03 10:06:00.75605+00	Gold Superior	PALMAROSA | GURJUM BALSAM | Geranium EO - Madagascar | LAVENDER ALBANY | GURJUM BALSAM | CEDARWOOD HIMALAYAN | BASIL | PALMAROSA | CANANGA	Směsi esenciálních olejů
1523	2026-03-03 10:06:00.75605+00	Gold WR Serum	GURJUM BALSAM | LEMON COLD PRESSED | PALMAROSA | GURJUM BALSAM | CEDARWOOD HIMALAYAN | BASIL | FRANKINCENSE (BOSWELLIA SERRATA)	Směsi esenciálních olejů
1524	2026-03-03 10:06:00.75605+00	Gold	KOKOSOVÝ OLEJ FRAKCIONOVANÝ MCT 60/40 | DRAGON´S BLOOD PRYSKYŘICE (DRAČÍ KREV) | BIO SLUNEČNICOVÝ OLEJ DEODORIZOVANÝ (bez vůně) v 5 L kanystru | GOLD A-SHA MAN | LAVENDER ALBANY | Hydrosol geranium (esenciání voda z geránie) | BIO SLUNEČNICOVÝ OLEJ DEODORIZOVANÝ (bez vůně) v 5 L kanystru | GURJUM BALSAM | BIO RAW KAKAOVÉ BOBY se slupkou | LAVENDER ALBANY | GURJUM BALSAM | GURJUM BALSAM | BIO MERUŇKOVÝ OLEJ (ORGANIC APRICOT KERNEL OIL) | GURJUM BALSAM | GOLD BODY | GOLD BODY | Organic hydrosol rose (BIO esenciální voda z růže) | PALMAROSA | GURJUM BALSAM | OMEGA KOMPLEX 1 BIO RAW (mořské řasy se slunečnicový olejem) | BIO JAGGERY POWDER | GOLD BEAUTY | GERANIUM | LAVENDER ALBANY | GURJUM BALSAM | GURJUM BALSAM | GURJUM BALSAM | LEMON COLD PRESSED | GERANIUM | LAVENDER ALBANY | TEA TREE melaleuca alternifolia - do směsí | GURJUM BALSAM | OREGANO Origanum vulgare | GURJUM BALSAM | FRANKINCENSE (BOSWELLIA SERRATA) | GURJUM BALSAM | LEMON COLD PRESSED | CEDARWOOD HIMALAYAN | PALMAROSA | GURJUM BALSAM | FRANKINCENSE (BOSWELLIA SERRATA) | LEMON COLD PRESSED | TEA TREE melaleuca alternifolia - do směsí | BIO MERUŇKOVÝ OLEJ (ORGANIC APRICOT KERNEL OIL) | Organic Almond oil (BIO MANDLOVÝ OLEJ) cold pressed kosmetický | LAVENDER ALBANY | LEMON COLD PRESSED | TEA TREE melaleuca alternifolia - do směsí | GURJUM BALSAM | LAVENDER KASHMIR (Lavandula angustifolia) | LAVENDER FRANCE. Mailette | LAVENDER ALBANY | LEMON COLD PRESSED | GURJUM BALSAM | CEDARWOOD HIMALAYAN | TEA TREE melaleuca alternifolia - do směsí | LEMON COLD PRESSED | CARROT seed (Daucus carota) | Geranium EO - Madagascar | LAVENDER ALBANY | GURJUM BALSAM | LAVENDER ALBANY | Geranium EO - Madagascar | LAVENDER ALBANY | Geranium EO - Madagascar | CEDARWOOD HIMALAYAN | GURJUM BALSAM | MANUKA - β-Triketone 20%+ | FRANKINCENSE (BOSWELLIA SERRATA) | CEDARWOOD HIMALAYAN | GURJUM BALSAM | CEDARWOOD HIMALAYAN | CEDARWOOD HIMALAYAN | LEMON COLD PRESSED | PALMAROSA | TEA TREE melaleuca alternifolia - do směsí | LEMON COLD PRESSED | BASIL | TEA TREE melaleuca alternifolia - do směsí | CEDARWOOD HIMALAYAN | GURJUM BALSAM | LEMON COLD PRESSED | CLOVE leaf | LEMONGRASS | LEMON COLD PRESSED | ORANGE | CINNAMON LEAF | TEA TREE melaleuca alternifolia - do směsí | LEMON COLD PRESSED | CANANGA | CEDARWOOD HIMALAYAN | LAVENDER ALBANY | TEA TREE melaleuca alternifolia - do směsí | ROSEWOOD | Ylang complete EO - Madagascar | BASIL | LEMONGRASS | Geranium EO - Madagascar | PALMAROSA | Geranium EO - Madagascar | CEDARWOOD HIMALAYAN | LAVENDER ALBANY | CANANGA | LAVENDER ALBANY | Geranium EO - Madagascar | ROSEWOOD | BASIL | MANUKA - β-Triketone 20%+ | FRANKINCENSE (BOSWELLIA SERRATA) | CEDARWOOD HIMALAYAN | ROSEWOOD | CEDARWOOD HIMALAYAN | ROSEWOOD | BASIL | GURJUM BALSAM | LEMONGRASS | GURJUM BALSAM | CEDARWOOD HIMALAYAN | CANANGA | CEDARWOOD HIMALAYAN | CANANGA | ROSEMARY rosmarinus officinalis | CEDARWOOD HIMALAYAN | Niaouli Melaleuca quinquenervia | CEDARWOOD HIMALAYAN | FRANKINCENSE (BOSWELLIA SERRATA) | FRANKINCENSE (BOSWELLIA SERRATA) | CEDARWOOD HIMALAYAN | LEMON COLD PRESSED | GURJUM BALSAM | LEMON SUN | FRANKINCENSE (BOSWELLIA SERRATA) | FRANKINCENSE (BOSWELLIA SERRATA) | FRANKINCENSE (BOSWELLIA SERRATA) | FRANKINCENSE (BOSWELLIA SERRATA)	Směsi esenciálních olejů
1525	2026-03-03 10:06:00.75605+00	Grounding	KOKOSOVÝ OLEJ FRAKCIONOVANÝ MCT 60/40 | CEDARWOOD ATLAS | ROSEWOOD | CLARY SAGE Salvia sclarea | PATCHOULI JAVA Pogostemon Cablin benth	Směsi esenciálních olejů
1526	2026-03-03 10:06:00.75605+00	Gur	CEDARWOOD HIMALAYAN | EUCALYPTUS GLOBULUS India - do směsí | FRANKINCENSE (BOSWELLIA SERRATA) | LEMONGRASS | GURJUM BALSAM	Směsi esenciálních olejů
1527	2026-03-03 10:06:00.75605+00	H Plant	Clove terpen | 33	Směsi esenciálních olejů
1528	2026-03-03 10:06:00.75605+00	H Plus	33 | RED ORANGE RAW COLD PRESSED | TURMERIC leaf	Směsi esenciálních olejů
1529	2026-03-03 10:06:00.75605+00	Hair	BIO RAW KAKAOVÉ BOBY se slupkou | CEDARWOOD HIMALAYAN | OMEGA KOMPLEX 1 BIO RAW (mořské řasy se slunečnicový olejem) | BIO JAGGERY POWDER | GURJUM BALSAM | LEMONGRASS | BASIL	Směsi esenciálních olejů
1530	2026-03-03 10:06:00.75605+00	Hebaut	ROSEMARY rosmarinus officinalis | LEMON COLD PRESSED | BASIL | FRANKINCENSE (BOSWELLIA SERRATA) | CEDARWOOD HIMALAYAN	Směsi esenciálních olejů
1531	2026-03-03 10:06:00.75605+00	Help GB	GASTO | PEPPERMINT (Máta peprná) | GURJUM BALSAM | CLOVE leaf | BASIL	Směsi esenciálních olejů
1532	2026-03-03 10:06:00.75605+00	Help H	LEMON COLD PRESSED | BIO RAW KAKAOVÉ BOBY se slupkou | OMEGA KOMPLEX 1 BIO RAW (mořské řasy se slunečnicový olejem) | BIO JAGGERY POWDER | GURJUM BALSAM | LEMONGRASS | FRANKINCENSE (BOSWELLIA SERRATA)	Směsi esenciálních olejů
1533	2026-03-03 10:06:00.75605+00	Help K	LEMON COLD PRESSED | CEDARWOOD HIMALAYAN | FENNEL seed	Směsi esenciálních olejů
1534	2026-03-03 10:06:00.75605+00	Help P	BYDIA | RED ORANGE RAW COLD PRESSED | BASIL | GURJUM BALSAM | TURMERIC leaf	Směsi esenciálních olejů
1535	2026-03-03 10:06:00.75605+00	Help Sp	LEMON COLD PRESSED | Benzoin Absolute Styrax benzoin | LAVENDER ALBANY | PATCHOULI JAVA Pogostemon Cablin benth	Směsi esenciálních olejů
1536	2026-03-03 10:06:00.75605+00	Hemo	TEA TREE melaleuca alternifolia - do směsí | CEDARWOOD HIMALAYAN | GURJUM BALSAM | FRANKINCENSE (BOSWELLIA SERRATA) | CYPRESS Cupressus sempervirens | BASIL	Směsi esenciálních olejů
1537	2026-03-03 10:06:00.75605+00	Hemus	BIO RAW KAKAOVÉ BOBY se slupkou | 33 | BASIL | BIO JAGGERY POWDER | OMEGA KOMPLEX 1 BIO RAW (mořské řasy se slunečnicový olejem) | TURMERIC root Curcuma longa | FRANKINCENSE (BOSWELLIA SERRATA)	Směsi esenciálních olejů
1538	2026-03-03 10:06:00.75605+00	Hepar	Lahvička skleněná hnědá lesklá 50 ml GL18 | Kapátko plastové pro lahvičky GL18 vel. S malé | Uzávěr plastový GL 18 s pojistkou (pro lahvičky s kapátkem 5-200 ml) černý | Label BEWIT HOME CL 50 ml | 33 | FRANKINCENSE (BOSWELLIA SERRATA) | LEMON COLD PRESSED | TURMERIC root Curcuma longa | ROSEMARY rosmarinus officinalis	Směsi esenciálních olejů
1539	2026-03-03 10:06:00.75605+00	High Vibration	Rhododendron | Ylang complete EO - Madagascar | BERGAMOT SUN | Geranium EO - Madagascar | CLARY SAGE Salvia sclarea	Směsi esenciálních olejů
1540	2026-03-03 10:06:00.75605+00	Holy Anointing	Olive oil organic (olivový olej BIO) | CASSIA | MYRRH	Směsi esenciálních olejů
1541	2026-03-03 10:06:00.75605+00	Hormbal	CLARY SAGE Salvia sclarea | THYME (thymus vulgaris) | FRANKINCENSE (BOSWELLIA SERRATA) | ROSEMARY rosmarinus officinalis | LEMONGRASS | PEPPERMINT (Máta peprná) | TEA TREE melaleuca alternifolia - do směsí | LAVENDER ALBANY | PALMAROSA	Směsi esenciálních olejů
1542	2026-03-03 10:06:00.75605+00	Humility	ROSEWOOD | GURJUM BALSAM | LEMON COLD PRESSED | FRANKINCENSE (BOSWELLIA SERRATA) | ORANGE	Směsi esenciálních olejů
1543	2026-03-03 10:06:00.75605+00	Hyp	LEMONGRASS | BIO RAW KAKAOVÉ BOBY se slupkou | LEMON COLD PRESSED | OMEGA KOMPLEX 1 BIO RAW (mořské řasy se slunečnicový olejem) | CEDARWOOD HIMALAYAN | BIO JAGGERY POWDER | FRANKINCENSE (BOSWELLIA SERRATA) | CITRONELA | CLOVE leaf | BASIL | YELLOW MANDARIN OIL COLD PRESSED | PEPPERMINT (Máta peprná)	Směsi esenciálních olejů
1544	2026-03-03 10:06:00.75605+00	Hypot	LEMONGRASS | BIO RAW KAKAOVÉ BOBY se slupkou | LEMON COLD PRESSED | CEDARWOOD HIMALAYAN | BIO JAGGERY POWDER | OMEGA KOMPLEX 1 BIO RAW (mořské řasy se slunečnicový olejem) | FRANKINCENSE (BOSWELLIA SERRATA) | CITRONELA | CLOVE leaf | BASIL | YELLOW MANDARIN OIL COLD PRESSED | PEPPERMINT (Máta peprná)	Směsi esenciálních olejů
1545	2026-03-03 10:06:00.75605+00	I Am	LAUREL leaf | FRANKINCENSE (BOSWELLIA SERRATA)	Směsi esenciálních olejů
1546	2026-03-03 10:06:00.75605+00	I Don´t Smoke	CEDARWOOD HIMALAYAN | LEMON COLD PRESSED | ORANGE	Směsi esenciálních olejů
1547	2026-03-03 10:06:00.75605+00	I'm Happy	BIO RAW KAKAOVÉ BOBY se slupkou | ORANGE | OMEGA KOMPLEX 1 BIO RAW (mořské řasy se slunečnicový olejem) | BIO JAGGERY POWDER | PEPPERMINT (Máta peprná) | BASIL	Směsi esenciálních olejů
1548	2026-03-03 10:06:00.75605+00	Imm	KOKOSOVÝ OLEJ FRAKCIONOVANÝ MCT 60/40 | EUCALYPTUS GLOBULUS India - do směsí | CLOVE leaf | TEA TREE melaleuca alternifolia - do směsí | LEMON COLD PRESSED | FRANKINCENSE (BOSWELLIA SERRATA)	Směsi esenciálních olejů
1549	2026-03-03 10:06:00.75605+00	Inf	CEDARWOOD HIMALAYAN | PEPPERMINT (Máta peprná) | FRANKINCENSE (BOSWELLIA SERRATA) | PEPPERMINT (Máta peprná) | FRANKINCENSE (BOSWELLIA SERRATA) | BASIL | YARROW | PALMAROSA | BASIL | TEA TREE melaleuca alternifolia - do směsí	Směsi esenciálních olejů
1550	2026-03-03 10:06:00.75605+00	Inner Child	GOLD COL | CANANGA | RED ORANGE RAW COLD PRESSED	Směsi esenciálních olejů
1551	2026-03-03 10:06:00.75605+00	Inner Woman	Geranium EO - Madagascar | GURJUM BALSAM | RED ORANGE RAW COLD PRESSED | RED MANDARIN | PATCHOULI JAVA Pogostemon Cablin benth	Směsi esenciálních olejů
1552	2026-03-03 10:06:00.75605+00	Insect Stop	CLOVE leaf | CITRONELA | CEDARWOOD HIMALAYAN | PEPPERMINT (Máta peprná)	Směsi esenciálních olejů
1553	2026-03-03 10:06:00.75605+00	Inspiration	3s | LEMON COLD PRESSED | CEDARWOOD HIMALAYAN | GURJUM BALSAM | PATCHOULI JAVA Pogostemon Cablin benth | GALBANUM	Směsi esenciálních olejů
1554	2026-03-03 10:06:00.75605+00	Integrity	ORANGE | PALMAROSA | BASIL | GURJUM BALSAM	Směsi esenciálních olejů
1555	2026-03-03 10:06:00.75605+00	Intuition	FRANKINCENSE (BOSWELLIA SERRATA) | CEDARWOOD HIMALAYAN | ORANGE | LEMON COLD PRESSED | GURJUM BALSAM | WILD MINT (Mentha arvensis)	Směsi esenciálních olejů
1556	2026-03-03 10:06:00.75605+00	Joy	KOKOSOVÝ OLEJ FRAKCIONOVANÝ MCT 60/40 | RED ORANGE RAW COLD PRESSED | GURJUM BALSAM | RED MANDARIN | BERGAMOT RAW	Směsi esenciálních olejů
1557	2026-03-03 10:06:00.75605+00	King	Dóza skleněná hnědá lesklá 500 ml | Vysoušecí sáček mini 3 g - SILICA GEL | Těsnící vnitřní vložka do černého plastového uzávěru dózy hnědé skleněné 500 ml | Uzávěr na dózu skleněnou hnědou 500 ml plastový černý | Label Vegan Coffee King 015 kg | Kolek Bewitella (bezpečnostní  přelepka) | Sáček Doypack ZIP KRAFT/AL/CPP - 1000 ML | Vysoušecí sáček mini 3 g - SILICA GEL | Label Vegan Coffee King 025 kg přední strana | Label Vegan Coffee King 025 kg zadní strana | Sprejem sušená instantní káva mletá (Spray-dried instant coffee powder) | BEWIT COFFEE KING | CEDARWOOD HIMALAYAN | RED ORANGE RAW COLD PRESSED | GURJUM BALSAM | Oakmoss Absolute Evernia prunastri | BEWIT COFFEE KING | LEMON COLD PRESSED	Směsi esenciálních olejů
1558	2026-03-03 10:06:00.75605+00	Laundry Citrus	ORANGE | Clove terpen | LEMON COLD PRESSED	Směsi esenciálních olejů
1559	2026-03-03 10:06:00.75605+00	Lavender Deux	LAVENDER ALBANY | LAVENDER RAW CO2	Směsi esenciálních olejů
1560	2026-03-03 10:06:00.75605+00	Leader	CEDARWOOD HIMALAYAN | LEMON COLD PRESSED | WILD MINT (Mentha arvensis) | GURJUM BALSAM | PATCHOULI JAVA Pogostemon Cablin benth	Směsi esenciálních olejů
1561	2026-03-03 10:06:00.75605+00	Learning	BASIL | CEDARWOOD HIMALAYAN | LEMON COLD PRESSED | FRANKINCENSE (BOSWELLIA SERRATA) | ROSEMARY rosmarinus officinalis | WILD MINT (Mentha arvensis) | GURJUM BALSAM	Směsi esenciálních olejů
1562	2026-03-03 10:06:00.75605+00	Legut	TURMERIC root Curcuma longa | PEPPERMINT (Máta peprná) | WILD MINT (Mentha arvensis) | THYME (thymus vulgaris) | FRANKINCENSE (BOSWELLIA SERRATA) | CLOVE leaf	Směsi esenciálních olejů
1563	2026-03-03 10:06:00.75605+00	Let Go	Ylang complete EO - Madagascar | BERGAMOT RAW | CYPRESS Cupressus sempervirens | LEMON COLD PRESSED | ROSEWOOD | PALMAROSA	Směsi esenciálních olejů
1564	2026-03-03 10:06:00.75605+00	Lice	Niaouli Melaleuca quinquenervia | LAVENDER ALBANY	Směsi esenciálních olejů
1565	2026-03-03 10:06:00.75605+00	Life	INTUITION | LEARNING | RESOLUTION	Směsi esenciálních olejů
1566	2026-03-03 10:06:00.75605+00	Love	KOKOSOVÝ OLEJ FRAKCIONOVANÝ MCT 60/40 | Sójový vosk (Soy wax) | BIO RAW KAKAOVÉ BOBY se slupkou | RED ORANGE RAW COLD PRESSED | BIO JAGGERY POWDER | OMEGA KOMPLEX 1 BIO RAW (mořské řasy se slunečnicový olejem) | CANANGA | Geranium EO - Madagascar | Geranium EO - Madagascar | GURJUM BALSAM | LEMON COLD PRESSED | RED ORANGE RAW COLD PRESSED | CANANGA | GURJUM BALSAM	Směsi esenciálních olejů
1567	2026-03-03 10:06:00.75605+00	Lym	WILD MINT (Mentha arvensis) | CEDARWOOD HIMALAYAN | EUCALYPTUS GLOBULUS India - do směsí | LEMONGRASS | LEMON COLD PRESSED | CINNAMON LEAF | ORANGE	Směsi esenciálních olejů
1568	2026-03-03 10:06:00.75605+00	Magic	BIO Kešu ořechy zlomky NERAW (do Prawteinu) | Aksamitník (Tagetes patula) | GURJUM BALSAM | BIO Datlový prášek (Organic Date powder) | RED MANDARIN | BIO RAW KAKAOVÉ BOBY se slupkou | PATCHOULI JAVA Pogostemon Cablin benth | Organic coconut oil 1000 ML	Směsi esenciálních olejů
1569	2026-03-03 10:06:00.75605+00	Man No. 1	CEDARWOOD HIMALAYAN | LEMON COLD PRESSED | ORANGE	Směsi esenciálních olejů
1570	2026-03-03 10:06:00.75605+00	Man Pr	FRANKINCENSE (BOSWELLIA SERRATA) | PEPPERMINT (Máta peprná) | LEMON COLD PRESSED | ORANGE | CLOVE leaf | CEDARWOOD HIMALAYAN	Směsi esenciálních olejů
1571	2026-03-03 10:06:00.75605+00	Manifestor	KOKOSOVÝ OLEJ FRAKCIONOVANÝ MCT 60/40 | LEMON COLD PRESSED | COPAIBA | RED ORANGE RAW COLD PRESSED | Ylang complete EO - Madagascar | PIMENTO berry (Pimenta officinalis) | LAUREL leaf	Směsi esenciálních olejů
1572	2026-03-03 10:06:00.75605+00	Massage Kids	LAVENDER ALBANY | KOKOSOVÝ OLEJ FRAKCIONOVANÝ MCT 60/40 | Organic Almond oil (BIO MANDLOVÝ OLEJ) cold pressed kosmetický | BIO SLUNEČNICOVÝ OLEJ DEODORIZOVANÝ (bez vůně) v 5 L kanystru | GERMAN CHAMOMILE | BERGAMOT SUN	Směsi esenciálních olejů
1573	2026-03-03 10:06:00.75605+00	Meditation	PRAYER | GURJUM BALSAM | CEDARWOOD HIMALAYAN | LEMON COLD PRESSED | CLOVE leaf | RED ORANGE RAW COLD PRESSED | PATCHOULI JAVA Pogostemon Cablin benth | Benzoin Absolute Styrax benzoin	Směsi esenciálních olejů
1574	2026-03-03 10:06:00.75605+00	Memory	LEMON COLD PRESSED | BASIL | PEPPERMINT (Máta peprná) | CEDARWOOD HIMALAYAN	Směsi esenciálních olejů
1575	2026-03-03 10:06:00.75605+00	Merry Christmas	Sklenice Nova Adriatic 037 l bezbarevná T.O.82 | Víčko na sklenici Nova Adriatic 037 l kovové černé | Kolek Bewitella (bezpečnostní  přelepka) | Label BIO Bewitella Merry christmas | Sójový vosk (Soy wax) | Bewitella Merry Christmas  Hmota | BIO RAW KAKAOVÉ BOBY se slupkou | BIO JAGGERY POWDER | CINNAMON LEAF | FRANKINCENSE (BOSWELLIA SERRATA) | CLOVE leaf | BIO bambucké máslo deodorizované shea butter organic deodorized FOOD | RED ORANGE RAW COLD PRESSED | BIO SLUNEČNICOVÝ OLEJ  s vůní v 10 L kanystru | CASSIA | CEDARWOOD HIMALAYAN | LEMON COLD PRESSED | PINE SCOTS India - do směsí	Směsi esenciálních olejů
1576	2026-03-03 10:06:00.75605+00	Metal	EUCALYPTUS GLOBULUS India - do směsí | PINE SCOTS India - do směsí | TEA TREE melaleuca alternifolia - do směsí	Směsi esenciálních olejů
1577	2026-03-03 10:06:00.75605+00	Mig	BIO RAW KAKAOVÉ BOBY se slupkou | ORANGE | OMEGA KOMPLEX 1 BIO RAW (mořské řasy se slunečnicový olejem) | BIO JAGGERY POWDER | BASIL | PEPPERMINT (Máta peprná) | LEMON COLD PRESSED | GURJUM BALSAM	Směsi esenciálních olejů
1578	2026-03-03 10:06:00.75605+00	Miracle	BIO RAW KAKAOVÉ BOBY se slupkou | BIO RAW KAKAOVÉ BOBY se slupkou | ORANGE | LEMON COLD PRESSED | OMEGA KOMPLEX 1 BIO RAW (mořské řasy se slunečnicový olejem) | BIO JAGGERY POWDER | OMEGA KOMPLEX 2 BIO RAW (mořské řasy s konopným olejem) | BIO JAGGERY POWDER | BIO KONOPNÁ SEMÍNKA (Organic Hemp Nuts) Rumunsko	Směsi esenciálních olejů
1579	2026-03-03 10:06:00.75605+00	Money	CEDARWOOD HIMALAYAN | ORANGE | LEMON COLD PRESSED | WILD MINT (Mentha arvensis) | PEPPERMINT (Máta peprná)	Směsi esenciálních olejů
1580	2026-03-03 10:06:00.75605+00	Moon	BIO RAW KAKAOVÉ BOBY se slupkou | BIO RAW KAKAOVÉ BOBY se slupkou | BIO JAGGERY POWDER | BIO SLUNEČNICOVÝ OLEJ NERAFINOVANÝ ČÍNA | CYPRESS Cupressus sempervirens | FRANKINCENSE (BOSWELLIA SERRATA) | OMEGA KOMPLEX 1 BIO RAW (mořské řasy se slunečnicový olejem) | BIO JAGGERY POWDER | RED ORANGE RAW COLD PRESSED | LEMON COLD PRESSED	Směsi esenciálních olejů
1581	2026-03-03 10:06:00.75605+00	Motivation	KOKOSOVÝ OLEJ FRAKCIONOVANÝ MCT 60/40 | RED ORANGE RAW COLD PRESSED | PATCHOULI JAVA Pogostemon Cablin benth | GURJUM BALSAM	Směsi esenciálních olejů
1582	2026-03-03 10:06:00.75605+00	Move GT	LEMON COLD PRESSED | BASIL | WILD MINT (Mentha arvensis) | PEPPERMINT (Máta peprná) | LEMONGRASS	Směsi esenciálních olejů
1583	2026-03-03 10:06:00.75605+00	Move It	BIO RAW KAKAOVÉ BOBY se slupkou | OMEGA KOMPLEX 2 BIO RAW (mořské řasy s konopným olejem) | BIO JAGGERY POWDER | EUCALYPTUS GLOBULUS India - do směsí | ORANGE | WILD MINT (Mentha arvensis) | GURJUM BALSAM	Směsi esenciálních olejů
1584	2026-03-03 10:06:00.75605+00	Mucra	LEMONGRASS | EUCALYPTUS CAMALDULENSIS | BASIL | PEPPERMINT (Máta peprná) | WILD MINT (Mentha arvensis) | FRANKINCENSE (BOSWELLIA SERRATA)	Směsi esenciálních olejů
1585	2026-03-03 10:06:00.75605+00	Mystery	Geranium EO - Madagascar | PALMAROSA | ROSEWOOD | JAMAROSA | SANDALWOOD | AMYRIS (Amyris balsamifera) | ACACIA (Acacia nilotica)	Směsi esenciálních olejů
1586	2026-03-03 10:06:00.75605+00	Nase	ORANGE | BASIL | PEPPERMINT (Máta peprná) | WILD MINT (Mentha arvensis) | LEMON COLD PRESSED	Směsi esenciálních olejů
1587	2026-03-03 10:06:00.75605+00	Nirvana	VANILLA CO2  Vanilla planifolia | ACACIA (Acacia nilotica) | Ylang complete EO - Madagascar | BERGAMOT SUN	Směsi esenciálních olejů
1588	2026-03-03 10:06:00.75605+00	No	KOKOSOVÝ OLEJ FRAKCIONOVANÝ MCT 60/40 | KOKOSOVÝ OLEJ FRAKCIONOVANÝ MCT 60/40 | KOKOSOVÝ OLEJ FRAKCIONOVANÝ MCT 60/40 | ALMOND OIL COSMETIC mandlový olej | Niaouli Melaleuca quinquenervia | HELP H | WINNER | RED ORANGE RAW COLD PRESSED | FRANKINCENSE (BOSWELLIA SERRATA) | LAVENDER ALBANY | BIO RAW KAKAOVÉ BOBY se slupkou | RED ORANGE RAW COLD PRESSED | RED ORANGE RAW COLD PRESSED | CEDARWOOD HIMALAYAN | ROSEWOOD | WILD MINT (Mentha arvensis) | OMEGA KOMPLEX 1 BIO RAW (mořské řasy se slunečnicový olejem) | BIO JAGGERY POWDER | PALMAROSA | LEMON COLD PRESSED | RED ORANGE RAW COLD PRESSED | CANANGA | BASIL | CLOVE leaf | BASIL | ORANGE | WILD MINT (Mentha arvensis) | PEPPERMINT (Máta peprná) | EUCALYPTUS GLOBULUS India - do směsí | CEDARWOOD HIMALAYAN | YLANG YLANG Cananga odorata | YLANG YLANG Cananga odorata | CLOVE leaf | LEMON COLD PRESSED | GERANIUM | GURJUM BALSAM | TURMERIC root Curcuma longa | GURJUM BALSAM | Benzoin Absolute Styrax benzoin | INNER WOMAN | GERANIUM | YLANG YLANG Cananga odorata | GERANIUM | EUCALYPTUS GLOBULUS India - do směsí | FRANKINCENSE (BOSWELLIA SERRATA) | FRANKINCENSE (BOSWELLIA SERRATA) | GURJUM BALSAM | BASIL | INNER WOMAN | GERANIUM | ROMAN CHAMOMILE | ORANGE | EUCALYPTUS GLOBULUS India - do směsí | ORANGE | FRANKINCENSE (BOSWELLIA SERRATA) | TURMERIC root Curcuma longa | PEPPERMINT (Máta peprná) | WILD MINT (Mentha arvensis) | WILD MINT (Mentha arvensis) | CANANGA | Aksamitník (Tagetes patula) | GERMAN CHAMOMILE | OPOPONAX | LAVENDER ALBANY | LAVENDER RAW CO2 | ORANGE | Geranium EO - Madagascar | LEMON COLD PRESSED | RED MANDARIN	Směsi esenciálních olejů
1589	2026-03-03 10:06:00.75605+00	Nobapa	WINNER | RED ORANGE RAW COLD PRESSED | BASIL | CEDARWOOD HIMALAYAN | CLOVE leaf | FRANKINCENSE (BOSWELLIA SERRATA) | TURMERIC root Curcuma longa | PEPPERMINT (Máta peprná) | WILD MINT (Mentha arvensis) | CANANGA | Aksamitník (Tagetes patula)	Směsi esenciálních olejů
1590	2026-03-03 10:06:00.75605+00	Nocon	WINNER | RED ORANGE RAW COLD PRESSED | LEMON COLD PRESSED | BASIL | ORANGE | TURMERIC root Curcuma longa | WILD MINT (Mentha arvensis) | CANANGA | Aksamitník (Tagetes patula)	Směsi esenciálních olejů
1591	2026-03-03 10:06:00.75605+00	Nohepa	WINNER | RED ORANGE RAW COLD PRESSED | PEPPERMINT (Máta peprná) | EUCALYPTUS GLOBULUS India - do směsí | FRANKINCENSE (BOSWELLIA SERRATA) | BASIL | ORANGE | CANANGA | Aksamitník (Tagetes patula)	Směsi esenciálních olejů
1592	2026-03-03 10:06:00.75605+00	Nomad From the Stars	ALMOND OIL COSMETIC mandlový olej | WINNER | RED ORANGE RAW COLD PRESSED | CANANGA | Aksamitník (Tagetes patula) | ORANGE	Směsi esenciálních olejů
1593	2026-03-03 10:06:00.75605+00	Nopa Nr	WINNER | FRANKINCENSE (BOSWELLIA SERRATA) | LAVENDER ALBANY | RED ORANGE RAW COLD PRESSED | CLOVE leaf | WILD MINT (Mentha arvensis) | FRANKINCENSE (BOSWELLIA SERRATA) | GURJUM BALSAM | ROMAN CHAMOMILE | EUCALYPTUS GLOBULUS India - do směsí | CANANGA | Aksamitník (Tagetes patula)	Směsi esenciálních olejů
1594	2026-03-03 10:06:00.75605+00	Nopa	KOKOSOVÝ OLEJ FRAKCIONOVANÝ MCT 60/40 | KOKOSOVÝ OLEJ FRAKCIONOVANÝ MCT 60/40 | WINNER | FRANKINCENSE (BOSWELLIA SERRATA) | LAVENDER ALBANY | RED ORANGE RAW COLD PRESSED | CLOVE leaf | WILD MINT (Mentha arvensis) | FRANKINCENSE (BOSWELLIA SERRATA) | GURJUM BALSAM | ROMAN CHAMOMILE | EUCALYPTUS GLOBULUS India - do směsí | CANANGA | Aksamitník (Tagetes patula)	Směsi esenciálních olejů
1595	2026-03-03 10:06:00.75605+00	Nose	KOKOSOVÝ OLEJ FRAKCIONOVANÝ MCT 60/40 | Niaouli Melaleuca quinquenervia | WINNER | RED ORANGE RAW COLD PRESSED | WILD MINT (Mentha arvensis) | EUCALYPTUS GLOBULUS India - do směsí | CANANGA | Aksamitník (Tagetes patula)	Směsi esenciálních olejů
1596	2026-03-03 10:06:00.75605+00	Now	WINNER | RED ORANGE RAW COLD PRESSED | RED ORANGE RAW COLD PRESSED | CANANGA | GURJUM BALSAM | Benzoin Absolute Styrax benzoin | CANANGA | Aksamitník (Tagetes patula) | Geranium EO - Madagascar | RED MANDARIN	Směsi esenciálních olejů
1597	2026-03-03 10:06:00.75605+00	O2 Max	BREATH | HELP H | RED ORANGE RAW COLD PRESSED	Směsi esenciálních olejů
1598	2026-03-03 10:06:00.75605+00	Ok Dig	KOKOSOVÝ OLEJ FRAKCIONOVANÝ MCT 60/40 | BIO RAW KAKAOVÉ BOBY se slupkou | BIO JAGGERY POWDER | OMEGA KOMPLEX 1 BIO RAW (mořské řasy se slunečnicový olejem) | ORANGE | WILD MINT (Mentha arvensis) | BASIL	Směsi esenciálních olejů
1599	2026-03-03 10:06:00.75605+00	Only One	Ylang complete EO - Madagascar | SANDALWOOD | BERGAMOT SUN	Směsi esenciálních olejů
1600	2026-03-03 10:06:00.75605+00	Open Heart	NEROLI | VANILLA CO2  Vanilla planifolia | SANDALWOOD | Rose Damask Absolue BULGARY | FRANKINCENSE (BOSWELLIA CARTERII) | FRANKINCENSE (BOSWELLIA SERRATA)	Směsi esenciálních olejů
1601	2026-03-03 10:06:00.75605+00	Oracle	CYPRESS Cupressus sempervirens | CLARY SAGE Salvia sclarea | Geranium EO - Madagascar | Ylang complete EO - Madagascar	Směsi esenciálních olejů
1602	2026-03-03 10:06:00.75605+00	Ospo	BASIL | FRANKINCENSE (BOSWELLIA SERRATA) | WILD MINT (Mentha arvensis) | PEPPERMINT (Máta peprná)	Směsi esenciálních olejů
1603	2026-03-03 10:06:00.75605+00	Partnership	RED ORANGE RAW COLD PRESSED | LEMON COLD PRESSED | PALMAROSA | GURJUM BALSAM	Směsi esenciálních olejů
1604	2026-03-03 10:06:00.75605+00	Peace	ORANGE | PALMAROSA | GURJUM BALSAM	Směsi esenciálních olejů
1605	2026-03-03 10:06:00.75605+00	Pigment Spots	Niaouli Melaleuca quinquenervia | FRANKINCENSE (BOSWELLIA SERRATA) | CARROT seed (Daucus carota) | LAVENDER ALBANY | LEMON SUN | GRAPEFRUIT SUN	Směsi esenciálních olejů
1606	2026-03-03 10:06:00.75605+00	Po-W-Er	BIO RAW KAKAOVÉ BOBY se slupkou | OMEGA KOMPLEX 1 BIO RAW (mořské řasy se slunečnicový olejem) | BIO JAGGERY POWDER | WILD MINT (Mentha arvensis) | CEDARWOOD HIMALAYAN | LEMON COLD PRESSED | LEMONGRASS	Směsi esenciálních olejů
1607	2026-03-03 10:06:00.75605+00	Polos	FRANKINCENSE (BOSWELLIA SERRATA) | LEMONGRASS | GURJUM BALSAM | TURMERIC root Curcuma longa | CEDARWOOD HIMALAYAN | BASIL	Směsi esenciálních olejů
1608	2026-03-03 10:06:00.75605+00	Prana	BREATH | WILD MINT (Mentha arvensis) | RED ORANGE RAW COLD PRESSED | LEMON COLD PRESSED | CEDARWOOD HIMALAYAN	Směsi esenciálních olejů
1609	2026-03-03 10:06:00.75605+00	Prayer	CEDARWOOD HIMALAYAN | BASIL | CINNAMON LEAF | FRANKINCENSE (BOSWELLIA SERRATA) | Benzoin Absolute Styrax benzoin	Směsi esenciálních olejů
1610	2026-03-03 10:06:00.75605+00	Prena	OK DIG | RED ORANGE RAW COLD PRESSED | LEMON COLD PRESSED | PEPPERMINT (Máta peprná) | EUCALYPTUS CAMALDULENSIS	Směsi esenciálních olejů
1611	2026-03-03 10:06:00.75605+00	Pro NO	HELP H | BIO RAW KAKAOVÉ BOBY se slupkou | RED ORANGE RAW COLD PRESSED | OMEGA KOMPLEX 1 BIO RAW (mořské řasy se slunečnicový olejem) | BIO JAGGERY POWDER	Směsi esenciálních olejů
1612	2026-03-03 10:06:00.75605+00	Projector	KOKOSOVÝ OLEJ FRAKCIONOVANÝ MCT 60/40 | CLARY SAGE Salvia sclarea | CEDARWOOD ATLAS | CALAMUS (Acorus calamus)	Směsi esenciálních olejů
1613	2026-03-03 10:06:00.75605+00	Protect B	BIO RAW KAKAOVÉ BOBY se slupkou | OMEGA KOMPLEX 1 BIO RAW (mořské řasy se slunečnicový olejem) | BIO JAGGERY POWDER | LEMON COLD PRESSED | CLOVE leaf | EUCALYPTUS GLOBULUS India - do směsí | CITRONELA | OREGANO Origanum vulgare | WILD MINT (Mentha arvensis) | ROSEMARY rosmarinus officinalis | FRANKINCENSE (BOSWELLIA SERRATA) | CLOVE leaf | CINNAMON LEAF | LEMON COLD PRESSED | EUCALYPTUS GLOBULUS India - do směsí | PEPPERMINT (Máta peprná) | THYME (thymus vulgaris) | TEA TREE melaleuca alternifolia - do směsí	Směsi esenciálních olejů
1614	2026-03-03 10:06:00.75605+00	Protect	BIO RAW KAKAOVÉ BOBY se slupkou | BIO RAW KAKAOVÉ BOBY se slupkou | BIO JAGGERY POWDER | OMEGA KOMPLEX 1 BIO RAW (mořské řasy se slunečnicový olejem) | OMEGA KOMPLEX 1 BIO RAW (mořské řasy se slunečnicový olejem) | BIO JAGGERY POWDER | LEMON COLD PRESSED | CLOVE leaf | EUCALYPTUS GLOBULUS India - do směsí | CITRONELA | OREGANO Origanum vulgare | WILD MINT (Mentha arvensis) | ROSEMARY rosmarinus officinalis | FRANKINCENSE (BOSWELLIA SERRATA) | CLOVE leaf | CINNAMON LEAF | LEMON COLD PRESSED | EUCALYPTUS GLOBULUS India - do směsí | PEPPERMINT (Máta peprná) | THYME (thymus vulgaris) | TEA TREE melaleuca alternifolia - do směsí	Směsi esenciálních olejů
1615	2026-03-03 10:06:00.75605+00	Pure	BIO RAW KAKAOVÉ BOBY se slupkou | Sáček Doypack ZIP recyklovatelný hnědý - 750ml Doypack ZIP Recykl Paperlook mat EVOH 750ml | Label BIO Ceremonial Cacao Pure 200 1000 g přední strana | Label BIO Ceremonial Cacao Pure 200 1000 g zadní strana | BIO Ceremonial Cacao Pure Hmota | Sáček Doypack ZIP recyklovatelný hnědý - 2000ml Doypack ZIP Recykl Paperlook mat EVOH 2000ml | Label BIO Ceremonial Cacao Pure 200 1000 g přední strana | Label BIO Ceremonial Cacao Pure 200 1000 g zadní strana | BIO bambucké máslodeodorizované shea butter organic deodorized COSMETIC | BIO Ceremonial Cacao Pure Hmota | ORANGE | LEMONGRASS | CLOVE leaf | CITRONELA | CEDARWOOD HIMALAYAN	Směsi esenciálních olejů
1616	2026-03-03 10:06:00.75605+00	Px	Niaouli Melaleuca quinquenervia | LAVENDER ALBANY	Směsi esenciálních olejů
1617	2026-03-03 10:06:00.75605+00	Queen	Ylang complete EO - Madagascar | Geranium EO - Madagascar | CLARY SAGE Salvia sclarea | JAMAROSA	Směsi esenciálních olejů
1618	2026-03-03 10:06:00.75605+00	Reflector	KOKOSOVÝ OLEJ FRAKCIONOVANÝ MCT 60/40 | ROSEMARY rosmarinus officinalis | THYME WILD (thymus serpyllum) | RED ORANGE RAW COLD PRESSED | WHITE GRAPEFRUIT OIL RAW | BERGAMOT RAW	Směsi esenciálních olejů
1619	2026-03-03 10:06:00.75605+00	Relax	WILD MINT (Mentha arvensis) | CAMPHOR | EUCALYPTUS GLOBULUS India - do směsí | CLOVE leaf | BASIL | CEDARWOOD HIMALAYAN | GURJUM BALSAM	Směsi esenciálních olejů
1620	2026-03-03 10:06:00.75605+00	Reles	CEDARWOOD HIMALAYAN | BASIL | ORANGE | LEMON COLD PRESSED | FRANKINCENSE (BOSWELLIA SERRATA)	Směsi esenciálních olejů
1621	2026-03-03 10:06:00.75605+00	Resolution	CEDARWOOD HIMALAYAN | ORANGE | EUCALYPTUS CAMALDULENSIS | PEPPERMINT (Máta peprná)	Směsi esenciálních olejů
1622	2026-03-03 10:06:00.75605+00	Rhe	RED ORANGE RAW COLD PRESSED | BASIL | EUCALYPTUS GLOBULUS India - do směsí | FRANKINCENSE (BOSWELLIA SERRATA)	Směsi esenciálních olejů
1623	2026-03-03 10:06:00.75605+00	Rosa Vibe	Geranium EO - Madagascar | PALMAROSA | ROSEWOOD | JAMAROSA	Směsi esenciálních olejů
1624	2026-03-03 10:06:00.75605+00	S Stop	LEMON COLD PRESSED | GURJUM BALSAM | CEDARWOOD HIMALAYAN | PEPPERMINT (Máta peprná) | FRANKINCENSE (BOSWELLIA SERRATA)	Směsi esenciálních olejů
1625	2026-03-03 10:06:00.75605+00	Sauna	EUCALYPTUS GLOBULUS India - do směsí | WILD MINT (Mentha arvensis) | CEDARWOOD HIMALAYAN | Niaouli Melaleuca quinquenervia	Směsi esenciálních olejů
1626	2026-03-03 10:06:00.75605+00	Self Love	RED ORANGE RAW COLD PRESSED | Geranium EO - Madagascar | CANANGA | GURJUM BALSAM	Směsi esenciálních olejů
1627	2026-03-03 10:06:00.75605+00	Shoes	Clove terpen | CEDARWOOD HIMALAYAN | GURJUM BALSAM | CLOVE leaf	Směsi esenciálních olejů
1628	2026-03-03 10:06:00.75605+00	So Happy Together	3s | CANANGA | LEMON COLD PRESSED | RED ORANGE RAW COLD PRESSED | CEDARWOOD HIMALAYAN | GURJUM BALSAM | PATCHOULI JAVA Pogostemon Cablin benth	Směsi esenciálních olejů
1629	2026-03-03 10:06:00.75605+00	Soulguard	KOKOSOVÝ OLEJ FRAKCIONOVANÝ MCT 60/40 | RED ORANGE RAW COLD PRESSED	Směsi esenciálních olejů
1630	2026-03-03 10:06:00.75605+00	Stem Plus	RED ORANGE RAW COLD PRESSED | GOLD COL | 33 | TURMERIC leaf	Směsi esenciálních olejů
1631	2026-03-03 10:06:00.75605+00	Stop Add	CEDARWOOD HIMALAYAN | ORANGE | PEPPERMINT (Máta peprná) | BASIL | LEMON COLD PRESSED | GURJUM BALSAM	Směsi esenciálních olejů
1632	2026-03-03 10:06:00.75605+00	Suby C-1	33 | TURMERIC root Curcuma longa | CLOVE leaf | FRANKINCENSE (BOSWELLIA SERRATA)	Směsi esenciálních olejů
1633	2026-03-03 10:06:00.75605+00	Suby C-2	33 | FRANKINCENSE (BOSWELLIA SERRATA) | ORANGE | LEMON COLD PRESSED | CLOVE leaf	Směsi esenciálních olejů
1634	2026-03-03 10:06:00.75605+00	Suby C-3	33 | FRANKINCENSE (BOSWELLIA SERRATA) | LEMONGRASS | CLOVE leaf | HOLY BASIL (TULSI)	Směsi esenciálních olejů
1635	2026-03-03 10:06:00.75605+00	Sunshine	Ylang complete EO - Madagascar | BERGAMOT SUN | BLUE TANSY | PATCHOULI JAVA Pogostemon Cablin benth	Směsi esenciálních olejů
1636	2026-03-03 10:06:00.75605+00	Sup-Er-Man	BIO RAW KAKAOVÉ BOBY se slupkou | OMEGA KOMPLEX 1 BIO RAW (mořské řasy se slunečnicový olejem) | PATCHOULI JAVA Pogostemon Cablin benth | GURJUM BALSAM | CEDARWOOD HIMALAYAN | BIO JAGGERY POWDER | Geranium EO - Madagascar | BIO KONOPNÁ SEMÍNKA (Organic Hemp Nuts) Rumunsko | CANANGA	Směsi esenciálních olejů
1637	2026-03-03 10:06:00.75605+00	Sw	LEMON COLD PRESSED | CLOVE leaf | TURMERIC root Curcuma longa | EUCALYPTUS GLOBULUS India - do směsí | FRANKINCENSE (BOSWELLIA SERRATA) | WILD MINT (Mentha arvensis)	Směsi esenciálních olejů
1638	2026-03-03 10:06:00.75605+00	Tantra	Ylang complete EO - Madagascar | BERGAMOT SUN | CLARY SAGE Salvia sclarea | ROSEWOOD	Směsi esenciálních olejů
1639	2026-03-03 10:06:00.75605+00	Tattoo	Niaouli Melaleuca quinquenervia | LAVENDER ALBANY | FRANKINCENSE (BOSWELLIA SERRATA) | Ylang complete EO - Madagascar	Směsi esenciálních olejů
1640	2026-03-03 10:06:00.75605+00	Thank You	3s | CANANGA | RED ORANGE RAW COLD PRESSED | LEMON COLD PRESSED	Směsi esenciálních olejů
1641	2026-03-03 10:06:00.75605+00	Tin	FRANKINCENSE (BOSWELLIA SERRATA) | LAVENDER ALBANY | CYPRESS Cupressus sempervirens | JUNIPER berry juniperus communis | Niaouli Melaleuca quinquenervia | LEMON SUN | BASIL	Směsi esenciálních olejů
1642	2026-03-03 10:06:00.75605+00	Tonafu	CLOVE leaf | OREGANO Origanum vulgare | LEMON COLD PRESSED | ROSEMARY rosmarinus officinalis | TEA TREE melaleuca alternifolia - do směsí | THYME (thymus vulgaris)	Směsi esenciálních olejů
1643	2026-03-03 10:06:00.75605+00	Transformation	LEMON COLD PRESSED | WILD MINT (Mentha arvensis) | PEPPERMINT (Máta peprná)	Směsi esenciálních olejů
1644	2026-03-03 10:06:00.75605+00	Trauma Free	Geranium EO - Madagascar | Ylang complete EO - Madagascar	Směsi esenciálních olejů
1645	2026-03-03 10:06:00.75605+00	Travelling	KOKOSOVÝ OLEJ FRAKCIONOVANÝ MCT 60/40 | LEMON COLD PRESSED | WILD MINT (Mentha arvensis) | FRANKINCENSE (BOSWELLIA SERRATA)	Směsi esenciálních olejů
1646	2026-03-03 10:06:00.75605+00	Vahe	LEMON COLD PRESSED | GURJUM BALSAM | LEMONGRASS | CEDARWOOD HIMALAYAN | CLOVE leaf	Směsi esenciálních olejů
1647	2026-03-03 10:06:00.75605+00	Vibe	Ylang complete EO - Madagascar | Geranium EO - Madagascar | PALMAROSA | ROSEWOOD | JAMAROSA | VANILLA CO2  Vanilla planifolia | BERGAMOT SUN | CANANGA	Směsi esenciálních olejů
1648	2026-03-03 10:06:00.75605+00	Virgin	Olive oil conventional (olivový olej NEBIO) | Lahev Dorika 075 l zelená | Uzávěr na lahve Dorika černý plastový se závitem a nalévací vložkou | Label VEGAN EXTRA PANENSKÝ OLIVOVÝ OLEJ  750 5000 ml | Lahev plastová 1 L Bušlak | Uzávěr plastové lahve 1 L Bušlak | Label VEGAN EXTRA PANENSKÝ OLIVOVÝ OLEJ 1000 ml | Kanystr 5 L čirý hranatý | Žlutý uzávěr + držák (pro hranatý kanystr čirý 5 l) | Label VEGAN EXTRA PANENSKÝ OLIVOVÝ OLEJ  750 5000 ml | Olive oil conventional (olivový olej NEBIO) | Olive oil conventional (olivový olej NEBIO) | GREEN MANDARIN OIL RAW | BERGAMOT RAW | CLARY SAGE Salvia sclarea | Ylang complete EO - Madagascar	Směsi esenciálních olejů
1649	2026-03-03 10:06:00.75605+00	Vita	CLOVE leaf | ORANGE | LEMON COLD PRESSED | BASIL | LEMONGRASS | FRANKINCENSE (BOSWELLIA SERRATA) | TURMERIC root Curcuma longa | LEMONGRASS | LEMON COLD PRESSED | ORANGE | GURJUM BALSAM	Směsi esenciálních olejů
1650	2026-03-03 10:06:00.75605+00	Vitality	BIO bambucké máslodeodorizované shea butter organic deodorized COSMETIC | CLOVE leaf | ORANGE | LEMON COLD PRESSED | BASIL | LEMONGRASS | FRANKINCENSE (BOSWELLIA SERRATA) | TURMERIC root Curcuma longa | LEMONGRASS | LEMON COLD PRESSED | ORANGE | GURJUM BALSAM	Směsi esenciálních olejů
1651	2026-03-03 10:06:00.75605+00	Warrior	WINNER | PATCHOULI JAVA Pogostemon Cablin benth | GURJUM BALSAM	Směsi esenciálních olejů
1652	2026-03-03 10:06:00.75605+00	Water	CEDARWOOD HIMALAYAN | THYME (thymus vulgaris) | CUMIN seed	Směsi esenciálních olejů
1653	2026-03-03 10:06:00.75605+00	Wet C	KOKOSOVÝ OLEJ FRAKCIONOVANÝ MCT 60/40 | Niaouli Melaleuca quinquenervia | LEMON COLD PRESSED | EUCALYPTUS GLOBULUS India - do směsí | PEPPERMINT (Máta peprná) | FRANKINCENSE (BOSWELLIA SERRATA)	Směsi esenciálních olejů
1654	2026-03-03 10:06:00.75605+00	Wild Woman	Aksamitník (Tagetes patula) | RED ORANGE RAW COLD PRESSED | GURJUM BALSAM	Směsi esenciálních olejů
1655	2026-03-03 10:06:00.75605+00	Winner	CEDARWOOD HIMALAYAN | ORANGE | EUCALYPTUS GLOBULUS India - do směsí	Směsi esenciálních olejů
1656	2026-03-03 10:06:00.75605+00	Wloss	BIO RAW KAKAOVÉ BOBY se slupkou | OMEGA KOMPLEX 1 BIO RAW (mořské řasy se slunečnicový olejem) | BIO JAGGERY POWDER | PEPPERMINT (Máta peprná) | LEMON COLD PRESSED | CEDARWOOD HIMALAYAN	Směsi esenciálních olejů
1657	2026-03-03 10:06:00.75605+00	Wofert	BIO RAW KAKAOVÉ BOBY se slupkou | BIO JAGGERY POWDER | OMEGA KOMPLEX 1 BIO RAW (mořské řasy se slunečnicový olejem) | CANANGA | GERANIUM | GURJUM BALSAM | LEMONGRASS	Směsi esenciálních olejů
1658	2026-03-03 10:06:00.75605+00	Woman M	BIO RAW KAKAOVÉ BOBY se slupkou | BIO JAGGERY POWDER | OMEGA KOMPLEX 1 BIO RAW (mořské řasy se slunečnicový olejem) | CLARY SAGE Salvia sclarea | FRANKINCENSE (BOSWELLIA SERRATA) | WHITE GRAPEFRUIT OIL RAW | PATCHOULI JAVA Pogostemon Cablin benth | RED ORANGE RAW COLD PRESSED | LEMON COLD PRESSED | Geranium EO - Madagascar	Směsi esenciálních olejů
1659	2026-03-03 10:06:00.75605+00	Woman No. 1	ROSEWOOD | PALMAROSA | GERANIUM | GURJUM BALSAM	Směsi esenciálních olejů
1660	2026-03-03 10:06:00.75605+00	Wood	RED ORANGE RAW COLD PRESSED | PEPPERMINT (Máta peprná)	Směsi esenciálních olejů
1661	2026-03-03 10:06:00.75605+00	Yes	3s | CANANGA	Směsi esenciálních olejů